Unnamed: 0,Age,TypeofContact,CityTier,DurationOfPitch,Occupation,Gender,NumberOfPersonVisiting,NumberOfFollowups,ProductPitched,PreferredPropertyStar,MaritalStatus,NumberOfTrips,Passport,PitchSatisfactionScore,OwnCar,NumberOfChildrenVisiting,Designation,MonthlyIncome
1214,44.0,1,1,8.0,2,1,3,1.0,3,3.0,1,2.0,1,4,1,0.0,3,22879.0
3829,35.0,1,3,20.0,3,2,3,4.0,3,3.0,1,3.0,0,1,1,2.0,3,27306.0
2622,47.0,1,3,7.0,3,1,4,4.0,3,5.0,1,3.0,0,2,1,2.0,3,29131.0
1543,32.0,1,1,6.0,2,2,3,3.0,1,4.0,1,2.0,0,3,1,0.0,2,21220.0
3144,59.0,1,1,9.0,1,2,3,4.0,0,3.0,2,6.0,0,2,1,2.0,1,21157.0
907,44.0,1,3,11.0,3,2,2,3.0,2,4.0,0,1.0,0,5,1,1.0,4,33213.0
1426,32.0,1,1,35.0,2,1,2,4.0,0,4.0,2,2.0,0,3,1,0.0,1,17837.0
4269,27.0,1,3,7.0,2,2,3,4.0,1,3.0,1,3.0,0,5,0,2.0,2,23974.0
261,38.0,0,3,8.0,2,2,2,4.0,1,3.0,0,4.0,0,5,1,1.0,2,20249.0
4223,32.0,1,1,12.0,1,2,3,4.0,0,3.0,1,2.0,1,4,1,1.0,1,23499.0
243,40.0,1,1,30.0,1,2,3,3.0,1,3.0,1,2.0,0,3,1,1.0,2,18319.0
3533,38.0,1,1,20.0,3,2,3,4.0,1,3.0,1,3.0,0,1,0,1.0,2,22963.0
228,35.0,0,3,6.0,3,0,3,3.0,3,3.0,3,2.0,0,5,1,0.0,3,23789.0
1110,35.0,1,1,8.0,2,1,3,3.0,0,5.0,1,2.0,1,1,1,1.0,1,17074.0
4350,34.0,1,1,17.0,3,2,3,6.0,0,3.0,1,2.0,0,5,0,1.0,1,22086.0
3870,33.0,1,1,36.0,2,1,3,5.0,0,4.0,3,3.0,0,3,1,1.0,1,21515.0
87,51.0,1,1,15.0,2,2,3,3.0,0,3.0,0,4.0,0,3,1,0.0,1,17075.0
1365,29.0,0,3,30.0,1,2,2,1.0,0,5.0,2,2.0,0,3,1,1.0,1,16091.0
378,34.0,0,3,25.0,3,2,3,2.0,1,3.0,2,1.0,1,2,1,2.0,2,20304.0
2522,38.0,1,1,14.0,3,2,2,4.0,3,3.0,2,6.0,0,2,0,1.0,3,32342.0
209,46.0,1,1,6.0,3,2,3,3.0,3,5.0,1,1.0,0,2,0,0.0,3,24396.0
510,54.0,1,2,25.0,3,2,2,3.0,3,4.0,0,3.0,0,3,1,0.0,3,25725.0
2022,56.0,1,1,15.0,3,2,2,3.0,4,3.0,1,1.0,0,4,0,0.0,0,26103.0
385,30.0,0,1,10.0,1,2,2,3.0,0,3.0,2,19.0,1,4,1,1.0,1,17285.0
1386,26.0,1,1,6.0,3,2,3,3.0,0,5.0,2,1.0,0,5,1,2.0,1,17867.0
2060,33.0,1,1,13.0,3,2,2,3.0,3,3.0,1,1.0,0,4,1,0.0,3,26691.0
1946,24.0,1,1,23.0,2,2,3,4.0,0,4.0,1,2.0,0,3,1,1.0,1,17127.0
3768,30.0,1,1,36.0,2,2,4,6.0,1,3.0,1,2.0,0,5,1,3.0,2,25062.0
1253,33.0,0,3,8.0,3,1,3,3.0,1,4.0,2,1.0,0,1,0,0.0,2,20147.0
2230,53.0,0,3,8.0,3,1,2,4.0,3,4.0,1,3.0,0,1,1,0.0,3,22525.0
3514,29.0,0,3,14.0,2,2,3,4.0,1,5.0,3,2.0,0,3,1,2.0,2,23576.0
1372,39.0,1,1,15.0,3,2,2,3.0,1,5.0,1,2.0,0,4,1,0.0,2,20151.0
4366,46.0,1,3,9.0,2,2,4,4.0,1,4.0,1,2.0,0,5,1,3.0,2,23483.0
2466,35.0,1,1,14.0,2,1,3,4.0,3,4.0,2,2.0,0,3,1,1.0,3,30672.0
4073,35.0,0,3,9.0,3,1,4,4.0,0,3.0,1,8.0,0,5,0,1.0,1,20909.0
4596,33.0,0,1,7.0,2,1,4,5.0,0,4.0,1,8.0,0,3,0,3.0,1,21010.0
2373,29.0,0,1,16.0,2,1,2,4.0,0,3.0,3,2.0,0,4,1,0.0,1,21623.0
1916,41.0,0,3,16.0,2,2,2,3.0,1,3.0,2,1.0,0,1,0,1.0,2,21230.0
3268,43.0,1,1,36.0,3,2,3,6.0,1,3.0,3,6.0,0,3,1,1.0,2,22950.0
4329,35.0,0,3,13.0,3,1,3,6.0,0,3.0,1,2.0,0,4,0,2.0,1,21029.0
1685,41.0,1,3,12.0,2,1,3,3.0,3,3.0,2,4.0,1,1,0,0.0,3,28591.0
694,33.0,1,1,6.0,2,1,2,4.0,1,3.0,3,1.0,0,4,0,0.0,2,21949.0
837,40.0,0,1,15.0,3,0,2,3.0,3,3.0,3,1.0,0,4,0,0.0,3,28499.0
1852,26.0,0,1,9.0,1,2,3,3.0,0,5.0,2,1.0,0,3,0,1.0,1,18102.0
1712,41.0,1,1,25.0,2,2,2,3.0,1,5.0,1,3.0,0,1,0,0.0,2,18072.0
222,37.0,0,1,17.0,2,2,2,3.0,3,3.0,1,2.0,1,3,0,1.0,3,27185.0
2145,31.0,1,3,13.0,2,2,2,4.0,0,3.0,1,4.0,0,4,1,1.0,1,17329.0
4867,45.0,1,3,8.0,2,2,3,6.0,1,4.0,2,8.0,0,3,0,2.0,2,21040.0
514,33.0,0,1,9.0,2,2,3,3.0,0,5.0,2,2.0,1,5,1,2.0,1,18348.0
2795,33.0,1,1,9.0,3,1,4,4.0,0,4.0,0,3.0,0,4,0,1.0,1,21048.0
1074,33.0,1,1,14.0,2,2,3,3.0,1,3.0,3,3.0,1,3,0,2.0,2,21388.0
402,30.0,1,3,18.0,1,1,2,3.0,1,3.0,3,1.0,0,2,1,0.0,2,21577.0
547,42.0,0,1,25.0,3,2,2,2.0,0,3.0,1,7.0,1,3,1,1.0,1,17759.0
1899,46.0,1,1,8.0,2,2,2,3.0,4,3.0,1,7.0,0,5,1,0.0,0,32861.0
4656,51.0,1,1,16.0,2,2,4,4.0,0,3.0,1,6.0,0,5,1,3.0,1,21058.0
1880,30.0,1,1,8.0,2,1,2,5.0,1,3.0,2,3.0,0,1,1,0.0,2,21091.0
2742,37.0,0,1,25.0,2,2,3,3.0,0,3.0,0,6.0,0,5,0,1.0,1,22366.0
1323,28.0,0,2,6.0,2,2,2,3.0,0,3.0,1,2.0,0,4,0,1.0,1,17706.0
1357,42.0,1,1,12.0,3,2,2,3.0,3,5.0,1,1.0,0,3,1,0.0,3,28348.0
617,44.0,1,1,10.0,3,2,2,3.0,1,4.0,2,1.0,0,2,1,0.0,2,20933.0
3637,39.0,0,1,9.0,3,1,3,5.0,0,4.0,2,3.0,0,1,1,1.0,1,21118.0
253,42.0,1,1,23.0,2,1,2,2.0,1,5.0,3,4.0,1,2,0,0.0,2,21545.0
2223,39.0,0,1,28.0,3,0,2,3.0,3,5.0,3,2.0,1,5,1,1.0,3,25880.0
944,28.0,0,1,6.0,2,1,2,5.0,1,3.0,0,1.0,0,3,1,0.0,2,21674.0
2079,43.0,1,1,20.0,2,2,3,3.0,4,5.0,1,7.0,0,5,1,1.0,0,32159.0
3372,45.0,1,1,22.0,3,1,4,4.0,3,3.0,0,3.0,0,3,0,2.0,3,26656.0
4382,53.0,1,1,13.0,1,2,4,4.0,1,5.0,1,5.0,1,4,1,2.0,2,24255.0
4062,42.0,1,1,16.0,2,2,4,4.0,0,5.0,1,4.0,0,1,0,1.0,1,20916.0
9,36.0,1,1,33.0,3,2,3,3.0,1,3.0,0,7.0,0,3,1,0.0,2,20237.0
3259,22.0,1,1,7.0,1,1,4,5.0,0,4.0,2,3.0,1,5,0,3.0,1,20748.0
2664,37.0,1,1,12.0,2,2,4,4.0,1,4.0,3,2.0,0,2,0,3.0,2,24592.0
3501,30.0,0,3,20.0,1,0,3,4.0,1,4.0,3,7.0,0,3,0,2.0,2,24443.0
3967,36.0,0,1,18.0,3,2,4,5.0,3,5.0,1,4.0,1,5,1,3.0,3,28562.0
186,40.0,1,1,10.0,3,1,2,3.0,2,3.0,0,2.0,0,5,0,1.0,4,34033.0
136,51.0,0,1,14.0,2,2,2,5.0,3,3.0,3,3.0,0,2,0,1.0,3,25650.0
3835,39.0,1,3,7.0,2,2,3,5.0,0,5.0,3,6.0,0,3,0,2.0,1,21536.0
390,43.0,1,1,18.0,2,2,2,4.0,4,4.0,1,2.0,0,3,0,1.0,0,29336.0
40,35.0,1,1,10.0,2,2,3,3.0,0,3.0,1,2.0,0,4,0,0.0,1,16951.0
2695,40.0,0,1,9.0,1,1,4,4.0,3,3.0,2,2.0,0,2,1,2.0,3,29616.0
3753,27.0,1,3,17.0,3,2,3,4.0,1,3.0,3,3.0,0,1,0,1.0,2,23362.0
762,26.0,0,1,8.0,2,2,2,3.0,0,5.0,0,7.0,1,5,1,0.0,1,17042.0
119,43.0,0,3,32.0,2,2,3,3.0,4,3.0,0,2.0,1,2,0,0.0,0,31959.0
3339,32.0,1,1,18.0,3,2,4,4.0,1,5.0,0,3.0,1,2,0,3.0,2,25511.0
2560,35.0,1,1,12.0,3,1,3,5.0,3,5.0,2,4.0,0,2,0,1.0,3,30309.0
4135,34.0,1,1,11.0,3,1,3,5.0,0,4.0,1,8.0,0,4,0,2.0,1,21300.0
1016,31.0,1,1,14.0,2,1,2,4.0,0,4.0,2,2.0,0,4,0,1.0,1,16261.0
4748,35.0,1,3,16.0,2,1,4,4.0,1,3.0,1,3.0,0,1,0,1.0,2,24392.0
4865,42.0,0,3,16.0,2,2,3,6.0,4,3.0,1,2.0,0,5,1,2.0,0,24829.0
2030,34.0,1,1,14.0,2,1,2,3.0,1,5.0,1,4.0,0,5,1,1.0,2,20121.0
2680,34.0,1,1,9.0,2,1,3,4.0,0,5.0,0,2.0,0,3,1,1.0,1,21385.0
22,34.0,1,1,13.0,2,0,2,3.0,3,4.0,3,1.0,0,3,1,0.0,3,26994.0
2643,39.0,1,1,36.0,1,2,3,4.0,1,3.0,0,5.0,0,2,0,2.0,2,24939.0
3965,29.0,1,1,12.0,1,2,3,4.0,0,3.0,3,3.0,1,1,0,1.0,1,22119.0
1288,35.0,0,1,8.0,3,2,2,3.0,1,3.0,1,3.0,0,3,0,1.0,2,20762.0
293,26.0,1,3,10.0,3,2,2,4.0,1,3.0,2,2.0,1,2,1,1.0,2,20828.0
2562,37.0,1,1,10.0,2,1,3,4.0,0,3.0,1,7.0,0,2,1,1.0,1,21513.0
3734,35.0,0,1,16.0,2,2,4,4.0,1,5.0,1,6.0,0,3,0,2.0,2,24024.0
4727,40.0,0,1,9.0,2,2,3,4.0,4,3.0,1,2.0,0,3,1,1.0,0,30847.0
363,33.0,1,3,11.0,3,1,2,3.0,0,3.0,2,2.0,1,2,1,0.0,1,17851.0
642,38.0,1,3,15.0,3,2,3,4.0,0,4.0,0,1.0,0,4,0,0.0,1,17899.0
4794,33.0,0,1,20.0,2,1,4,5.0,0,4.0,1,3.0,0,5,1,1.0,1,21421.0
589,29.0,1,1,6.0,2,1,2,4.0,0,5.0,0,2.0,1,2,0,0.0,1,17319.0
4504,34.0,1,1,14.0,3,2,3,4.0,3,3.0,1,2.0,0,4,1,1.0,3,30369.0
3314,36.0,1,3,24.0,2,2,4,4.0,1,5.0,0,5.0,1,3,1,2.0,2,27644.0
86,23.0,1,3,8.0,1,2,3,3.0,0,5.0,1,4.0,0,3,1,1.0,1,17322.0
2855,61.0,1,1,14.0,2,1,3,4.0,2,5.0,0,7.0,0,5,0,1.0,4,38244.0
2384,55.0,0,3,8.0,2,0,2,4.0,0,3.0,2,1.0,0,5,0,0.0,1,28577.0
2871,61.0,0,3,35.0,3,1,4,5.0,3,5.0,0,6.0,0,2,1,1.0,3,28944.0
4245,28.0,0,3,7.0,3,2,4,4.0,1,4.0,1,2.0,1,1,0,2.0,2,25027.0
1536,36.0,0,1,17.0,2,2,3,4.0,1,4.0,3,2.0,0,4,1,1.0,2,21499.0
2902,41.0,0,3,35.0,2,2,3,6.0,3,5.0,1,5.0,0,5,1,1.0,3,29610.0
2766,33.0,1,1,9.0,3,0,4,3.0,1,3.0,3,2.0,0,3,1,3.0,2,23733.0
1455,40.0,1,1,8.0,2,2,2,4.0,0,3.0,2,3.0,0,5,0,1.0,1,17809.0
2863,31.0,0,1,10.0,2,2,3,4.0,0,3.0,0,6.0,0,3,0,2.0,1,20775.0
4595,39.0,1,1,7.0,1,1,4,4.0,3,5.0,1,3.0,0,4,1,2.0,3,32260.0
2250,28.0,0,1,30.0,1,2,3,4.0,3,5.0,3,2.0,0,1,1,1.0,3,23722.0
3516,30.0,0,1,9.0,2,1,4,4.0,0,4.0,0,2.0,0,5,0,3.0,1,21858.0
627,52.0,0,1,31.0,3,1,2,4.0,4,3.0,0,4.0,0,5,0,1.0,0,28826.0
2814,22.0,1,3,19.0,2,1,3,3.0,0,4.0,3,3.0,0,5,0,2.0,1,21394.0
1809,27.0,1,3,14.0,3,1,2,3.0,1,4.0,1,2.0,0,1,0,1.0,2,21214.0
4771,45.0,1,1,17.0,2,2,4,4.0,0,3.0,3,3.0,1,3,1,1.0,1,21614.0
2412,36.0,1,3,16.0,3,2,2,4.0,3,5.0,1,1.0,0,5,0,0.0,3,22094.0
333,43.0,1,1,13.0,2,1,2,3.0,3,5.0,0,1.0,0,5,1,0.0,3,24985.0
927,36.0,1,1,8.0,2,1,2,3.0,1,4.0,2,1.0,1,3,1,0.0,2,20410.0
187,55.0,1,1,20.0,3,2,3,2.0,2,4.0,2,1.0,0,2,0,2.0,4,33722.0
1354,56.0,1,1,30.0,2,2,3,3.0,0,3.0,2,2.0,0,3,0,0.0,1,17587.0
281,42.0,1,3,6.0,2,2,2,3.0,1,3.0,0,2.0,0,3,1,0.0,2,19907.0
2053,34.0,1,3,14.0,2,1,3,3.0,1,5.0,1,6.0,0,1,1,2.0,2,21500.0
1557,51.0,1,1,15.0,2,2,3,3.0,0,3.0,1,4.0,0,3,1,0.0,1,17075.0
2581,40.0,1,3,11.0,2,1,3,5.0,1,3.0,0,6.0,0,5,1,1.0,2,24580.0
3014,53.0,0,1,26.0,3,2,3,4.0,0,3.0,0,2.0,0,3,1,1.0,1,22936.0
2573,50.0,1,1,27.0,3,1,4,4.0,1,5.0,0,3.0,0,2,1,3.0,2,25245.0
540,28.0,1,1,6.0,2,1,3,5.0,0,4.0,2,1.0,1,2,1,0.0,1,17216.0
3072,38.0,1,3,23.0,3,2,4,5.0,1,3.0,1,6.0,0,5,1,3.0,2,25012.0
1599,49.0,1,1,26.0,3,1,3,3.0,1,5.0,1,2.0,0,1,1,0.0,2,21567.0
3449,30.0,1,2,24.0,2,2,3,5.0,3,5.0,3,3.0,0,3,0,1.0,3,26666.0
16,32.0,1,1,11.0,2,2,3,2.0,0,4.0,1,1.0,1,2,1,0.0,1,18298.0
3025,31.0,1,1,7.0,2,2,3,6.0,0,3.0,0,5.0,0,4,1,1.0,1,22511.0
4590,36.0,1,1,28.0,2,1,3,4.0,1,3.0,1,3.0,1,3,0,1.0,2,22692.0
457,18.0,0,3,11.0,3,2,3,3.0,0,4.0,2,2.0,1,4,1,2.0,1,16878.0
1726,42.0,1,1,8.0,3,1,2,4.0,0,5.0,1,1.0,1,4,1,1.0,1,17593.0
4294,25.0,1,3,17.0,3,1,4,4.0,1,3.0,1,3.0,1,1,0,1.0,2,22938.0
1308,38.0,1,3,8.0,3,1,3,5.0,1,3.0,1,3.0,1,3,0,0.0,2,20405.0
3237,29.0,1,1,22.0,2,2,3,4.0,0,3.0,1,3.0,0,4,1,2.0,1,20885.0
4318,29.0,1,1,24.0,3,2,4,4.0,1,5.0,1,3.0,0,1,0,2.0,2,23236.0
1485,29.0,1,1,27.0,2,1,2,1.0,3,5.0,1,2.0,0,5,1,1.0,3,24980.0
1784,39.0,1,1,16.0,3,2,3,3.0,4,5.0,1,2.0,1,3,1,2.0,0,32068.0
1799,47.0,1,1,11.0,2,2,2,3.0,2,3.0,1,5.0,0,1,1,0.0,4,33300.0
2980,61.0,1,3,23.0,3,2,3,4.0,1,5.0,3,2.0,0,4,1,1.0,2,24083.0
3893,33.0,1,1,9.0,1,2,4,4.0,0,5.0,2,3.0,0,1,1,2.0,1,21117.0
2045,54.0,1,1,25.0,3,1,3,3.0,1,5.0,1,1.0,1,3,0,2.0,2,20485.0
2309,42.0,1,3,10.0,3,2,2,3.0,1,5.0,2,1.0,0,5,1,0.0,2,20155.0
2788,36.0,1,1,12.0,1,2,4,4.0,3,4.0,3,2.0,0,3,0,1.0,3,26773.0
583,34.0,1,3,14.0,2,1,3,3.0,1,5.0,0,6.0,0,2,1,0.0,2,21500.0
2486,27.0,1,1,32.0,2,2,3,6.0,0,3.0,2,3.0,0,2,1,2.0,1,20971.0
1499,46.0,1,3,8.0,3,1,2,3.0,2,5.0,2,4.0,0,1,1,1.0,4,33947.0
3851,25.0,1,1,7.0,2,2,3,5.0,1,3.0,3,3.0,0,3,1,2.0,2,23295.0
3852,24.0,1,1,19.0,2,2,4,4.0,0,3.0,3,3.0,0,5,1,1.0,1,21325.0
1333,46.0,1,3,16.0,2,1,3,3.0,3,4.0,1,6.0,0,1,0,2.0,3,22314.0
2392,44.0,1,3,15.0,2,2,3,4.0,0,5.0,1,4.0,0,1,1,2.0,1,34190.0
709,31.0,0,1,15.0,3,2,2,4.0,0,5.0,2,1.0,1,3,1,0.0,1,17321.0
366,41.0,0,3,10.0,3,2,2,3.0,1,4.0,3,2.0,0,3,1,0.0,2,24355.0
4367,27.0,0,2,24.0,2,1,3,4.0,0,3.0,1,2.0,1,5,0,2.0,1,21419.0
1522,44.0,1,3,6.0,3,1,3,3.0,1,5.0,1,6.0,1,1,1,1.0,2,20454.0
3066,33.0,1,3,20.0,2,2,4,4.0,1,3.0,1,4.0,0,2,0,1.0,2,23081.0
464,37.0,1,1,6.0,1,1,2,3.0,3,3.0,3,5.0,0,5,1,1.0,3,22491.0
1213,23.0,1,3,13.0,2,2,2,3.0,0,3.0,1,2.0,1,1,1,0.0,1,17275.0
3393,40.0,1,1,25.0,2,2,3,4.0,1,3.0,3,2.0,0,3,0,1.0,2,23212.0
3504,25.0,0,1,16.0,3,2,3,4.0,0,5.0,3,4.0,1,3,0,2.0,1,21850.0
386,37.0,1,1,20.0,2,1,3,3.0,0,5.0,1,2.0,0,4,1,0.0,1,18034.0
163,57.0,1,1,30.0,2,2,2,2.0,3,3.0,1,4.0,1,4,1,1.0,3,24439.0
1994,34.0,1,1,15.0,3,0,2,4.0,3,4.0,3,2.0,0,1,1,0.0,3,23621.0
909,19.0,1,1,31.0,2,1,2,1.0,0,3.0,2,2.0,1,5,1,0.0,1,17994.0
1316,43.0,0,3,8.0,2,2,3,3.0,1,3.0,1,2.0,0,3,1,2.0,2,20675.0
3505,25.0,0,3,20.0,2,1,4,4.0,0,4.0,0,3.0,0,1,0,1.0,1,20711.0
3618,26.0,0,1,9.0,2,2,4,2.0,1,3.0,1,3.0,0,1,0,2.0,2,23884.0
809,28.0,1,1,9.0,3,1,3,3.0,3,4.0,1,1.0,0,4,0,0.0,3,22655.0
2918,25.0,1,1,30.0,3,2,3,3.0,0,3.0,0,3.0,1,4,0,2.0,1,21403.0
4172,52.0,1,1,7.0,2,2,4,4.0,0,3.0,1,3.0,0,4,1,1.0,1,21401.0
3913,35.0,1,1,15.0,3,2,3,2.0,1,3.0,1,4.0,0,3,0,2.0,2,23082.0
3107,22.0,1,1,25.0,2,1,4,4.0,0,3.0,3,3.0,0,3,1,2.0,1,21371.0
3523,40.0,1,1,13.0,2,0,3,4.0,3,4.0,3,6.0,0,3,0,2.0,3,27054.0
3076,43.0,0,1,9.0,3,2,3,4.0,0,3.0,2,7.0,1,2,0,2.0,1,21193.0
3303,30.0,1,1,22.0,2,1,4,6.0,0,3.0,0,2.0,1,5,1,1.0,1,20846.0
1024,47.0,1,1,8.0,3,1,2,3.0,4,3.0,0,4.0,0,5,1,0.0,0,32169.0
3051,50.0,1,3,18.0,3,1,3,4.0,3,3.0,0,3.0,0,4,0,2.0,3,26332.0
3394,32.0,0,3,9.0,2,1,3,4.0,3,3.0,1,3.0,1,1,1,1.0,3,28530.0
2943,34.0,1,3,15.0,3,2,3,4.0,1,3.0,1,2.0,0,2,1,2.0,2,25782.0
3045,41.0,0,1,23.0,3,2,3,5.0,1,3.0,3,8.0,0,5,1,2.0,2,23772.0
1338,30.0,1,3,15.0,3,2,2,3.0,0,3.0,2,2.0,0,5,0,0.0,1,16081.0
4859,51.0,0,3,19.0,2,2,3,4.0,1,3.0,2,5.0,1,3,1,2.0,2,35558.0
1369,28.0,1,3,19.0,3,0,2,3.0,1,3.0,3,4.0,1,5,1,1.0,2,24854.0
3941,43.0,1,3,15.0,3,2,3,4.0,1,4.0,1,2.0,0,3,1,1.0,2,25503.0
4722,30.0,1,1,35.0,2,1,4,4.0,0,3.0,1,6.0,0,5,1,1.0,1,21192.0
3044,33.0,1,1,11.0,2,1,4,5.0,1,3.0,0,3.0,0,4,1,1.0,2,24840.0
4538,54.0,1,3,14.0,3,1,4,5.0,3,3.0,1,2.0,1,1,0,2.0,3,29612.0
2111,32.0,0,3,11.0,2,2,2,3.0,1,4.0,1,2.0,0,3,1,1.0,2,21524.0
3895,39.0,1,3,17.0,2,1,4,4.0,1,3.0,1,3.0,0,4,0,3.0,2,24021.0
4856,37.0,1,3,17.0,3,2,3,5.0,3,5.0,1,2.0,0,5,0,1.0,3,25772.0
2789,24.0,1,1,33.0,2,2,3,4.0,0,3.0,1,3.0,0,2,1,2.0,1,21582.0
3264,36.0,0,3,18.0,3,2,3,4.0,1,3.0,1,3.0,0,5,0,1.0,2,23646.0
1199,36.0,1,1,32.0,2,2,3,3.0,1,3.0,1,7.0,0,3,1,0.0,2,20347.0
39,33.0,0,3,6.0,2,1,2,2.0,1,5.0,0,3.0,0,3,1,0.0,2,20376.0
2891,36.0,1,3,7.0,3,2,3,4.0,1,3.0,0,2.0,0,3,1,1.0,2,23395.0
1695,59.0,1,1,9.0,2,2,3,4.0,0,3.0,1,4.0,0,3,0,0.0,1,17177.0
3905,51.0,1,3,35.0,3,2,3,5.0,3,5.0,1,6.0,1,5,0,1.0,3,29532.0
2507,60.0,1,3,32.0,2,0,3,4.0,3,5.0,3,2.0,0,3,1,1.0,3,26315.0
2857,43.0,0,1,35.0,1,1,3,5.0,1,3.0,0,2.0,0,3,0,1.0,2,23201.0
2839,44.0,0,1,28.0,3,2,4,4.0,0,3.0,0,2.0,0,4,0,3.0,1,20936.0
3194,45.0,1,3,35.0,3,1,3,2.0,4,3.0,0,5.0,1,2,1,2.0,0,31998.0
2848,29.0,1,1,24.0,3,2,4,4.0,1,5.0,1,3.0,0,2,0,1.0,2,23236.0
4393,25.0,0,1,14.0,2,1,3,4.0,0,3.0,1,3.0,1,4,0,1.0,1,21564.0
3168,25.0,1,1,24.0,3,1,3,5.0,1,3.0,1,3.0,0,3,1,2.0,2,23055.0
2054,42.0,0,1,14.0,2,2,3,3.0,2,3.0,1,2.0,0,5,1,1.0,4,33430.0
1266,41.0,1,1,15.0,2,2,3,3.0,0,5.0,1,2.0,0,5,1,1.0,1,17289.0
4857,47.0,1,3,22.0,3,2,3,6.0,1,3.0,1,8.0,1,1,0,2.0,2,22101.0
1043,53.0,1,1,8.0,3,2,2,1.0,4,4.0,2,5.0,0,1,1,0.0,0,31598.0
1767,35.0,1,3,22.0,3,2,3,3.0,3,4.0,1,1.0,0,1,1,1.0,3,23020.0
379,55.0,1,1,8.0,2,1,3,3.0,4,3.0,2,3.0,1,5,0,1.0,0,31659.0
3925,30.0,1,1,22.0,2,1,3,5.0,1,3.0,3,2.0,1,1,1,2.0,2,22871.0
410,30.0,1,1,8.0,2,1,2,5.0,1,3.0,2,3.0,0,2,0,1.0,2,21091.0
1321,47.0,1,1,15.0,2,1,3,3.0,0,3.0,2,5.0,0,3,1,0.0,1,17105.0
859,29.0,1,1,21.0,2,1,3,5.0,0,3.0,0,1.0,1,5,1,0.0,1,17168.0
668,28.0,1,1,15.0,3,1,3,3.0,0,3.0,1,6.0,0,3,1,1.0,1,17377.0
2382,26.0,1,1,13.0,3,1,2,4.0,3,5.0,1,1.0,1,4,1,1.0,3,17875.0
1540,59.0,0,3,6.0,2,1,2,4.0,1,3.0,2,1.0,0,5,1,0.0,2,20473.0
2273,34.0,0,1,9.0,2,2,2,4.0,0,3.0,1,4.0,0,1,0,0.0,1,17979.0
3204,54.0,0,3,9.0,3,1,3,5.0,3,4.0,0,4.0,0,2,0,2.0,3,26203.0
1963,44.0,1,2,6.0,2,1,2,4.0,1,3.0,2,5.0,0,5,1,1.0,2,20985.0
3335,45.0,1,1,9.0,2,1,4,2.0,0,3.0,0,3.0,0,4,1,1.0,1,20689.0
2653,47.0,1,1,7.0,3,2,4,4.0,3,5.0,1,2.0,0,2,0,1.0,3,28074.0
4776,45.0,0,1,24.0,2,2,4,6.0,0,3.0,2,4.0,0,4,1,2.0,1,20968.0
3826,32.0,0,1,10.0,3,2,3,4.0,0,5.0,1,3.0,1,1,0,1.0,1,21743.0
3754,59.0,0,1,22.0,2,2,3,4.0,4,3.0,1,4.0,1,1,1,1.0,0,34465.0
1657,55.0,1,1,20.0,3,2,3,1.0,2,4.0,2,1.0,0,1,1,1.0,4,33722.0
4629,34.0,0,1,7.0,2,1,3,2.0,1,4.0,1,3.0,1,3,1,1.0,2,24166.0
3842,34.0,0,1,14.0,2,2,3,4.0,1,3.0,1,3.0,0,5,1,2.0,2,24646.0
2066,35.0,1,1,6.0,2,1,2,1.0,0,3.0,2,4.0,0,3,1,1.0,1,17506.0
2377,44.0,1,1,29.0,3,2,3,3.0,0,5.0,2,1.0,0,3,0,2.0,1,33213.0
4739,30.0,1,1,15.0,3,2,4,5.0,1,3.0,1,3.0,1,3,1,2.0,2,23734.0
1451,38.0,1,3,16.0,2,1,3,3.0,1,3.0,1,2.0,0,4,0,2.0,2,20343.0
3838,33.0,1,1,12.0,2,2,3,5.0,1,3.0,3,2.0,0,1,0,2.0,2,28357.0
1005,29.0,1,2,23.0,2,2,2,4.0,3,5.0,3,2.0,0,3,0,0.0,3,22988.0
1925,33.0,1,1,6.0,3,1,3,1.0,4,3.0,1,5.0,0,1,1,0.0,0,31184.0
891,44.0,1,1,8.0,2,1,3,1.0,0,3.0,0,2.0,0,4,1,0.0,1,17011.0
3069,46.0,1,3,16.0,3,2,4,4.0,3,5.0,1,6.0,1,2,1,1.0,3,29439.0
2385,21.0,0,3,24.0,3,1,3,3.0,1,3.0,1,1.0,1,5,0,1.0,2,17625.0
3232,29.0,1,1,17.0,2,1,3,4.0,1,3.0,3,5.0,0,4,1,2.0,2,22338.0
2349,60.0,1,3,13.0,3,2,2,1.0,1,3.0,1,1.0,1,5,0,0.0,2,20220.0
2016,29.0,1,3,16.0,2,2,3,3.0,0,3.0,2,2.0,0,4,1,0.0,1,17642.0
747,38.0,1,3,9.0,2,2,2,3.0,1,3.0,3,1.0,1,3,1,1.0,2,21861.0
56,35.0,0,3,24.0,2,2,3,3.0,3,5.0,0,2.0,0,4,1,0.0,3,24069.0
4755,25.0,1,1,31.0,3,2,3,4.0,0,4.0,3,2.0,0,5,0,2.0,1,22275.0
3352,34.0,1,3,17.0,3,2,3,2.0,3,3.0,1,2.0,1,4,1,2.0,3,27058.0
4440,40.0,1,1,9.0,1,1,4,5.0,1,3.0,3,3.0,0,1,1,2.0,2,23231.0
53,35.0,0,1,17.0,3,2,3,4.0,3,5.0,0,3.0,1,5,1,1.0,3,24884.0
753,39.0,0,1,28.0,3,0,2,3.0,3,5.0,3,2.0,1,5,1,0.0,3,25880.0
1548,37.0,1,1,13.0,3,2,1,3.0,3,3.0,2,5.0,0,1,0,0.0,3,28664.0
1613,30.0,1,1,24.0,2,1,3,3.0,0,3.0,2,2.0,0,1,1,2.0,1,17632.0
3554,36.0,1,1,9.0,2,1,4,4.0,0,5.0,1,3.0,1,1,1,2.0,1,20752.0
3439,44.0,1,1,13.0,3,1,4,5.0,1,3.0,3,3.0,1,4,1,2.0,2,22759.0
610,27.0,1,1,11.0,1,2,2,4.0,3,3.0,1,2.0,1,3,0,0.0,3,27808.0
4864,32.0,1,2,29.0,2,2,3,6.0,0,3.0,1,3.0,0,1,0,2.0,1,28530.0
501,30.0,0,1,9.0,3,1,3,3.0,0,3.0,1,2.0,0,3,1,1.0,1,17083.0
307,38.0,1,1,31.0,2,1,2,4.0,3,4.0,0,4.0,0,3,1,0.0,3,27061.0
3001,36.0,0,1,9.0,2,1,4,4.0,1,5.0,1,4.0,0,4,0,1.0,2,23771.0
4038,32.0,1,3,13.0,2,2,4,6.0,1,3.0,1,6.0,1,3,0,3.0,2,24850.0
1560,40.0,0,1,6.0,2,2,3,4.0,4,4.0,1,2.0,0,1,1,1.0,0,28503.0
1733,46.0,1,3,8.0,1,1,3,5.0,4,4.0,1,4.0,1,5,1,0.0,0,31872.0
852,29.0,1,1,12.0,3,1,2,3.0,0,3.0,0,2.0,0,3,0,0.0,1,18131.0
3010,48.0,0,3,34.0,2,0,4,2.0,1,3.0,3,6.0,1,4,1,3.0,2,25075.0
1970,32.0,1,1,15.0,2,1,3,3.0,1,3.0,1,2.0,1,5,1,2.0,2,21322.0
4887,36.0,1,1,14.0,2,2,4,4.0,0,4.0,3,3.0,1,3,1,2.0,1,24041.0
2793,30.0,0,3,9.0,2,2,4,4.0,1,3.0,0,3.0,0,2,1,2.0,2,23327.0
3266,35.0,0,1,9.0,2,2,4,4.0,1,3.0,3,4.0,0,4,1,3.0,2,22711.0
4470,54.0,1,1,13.0,2,2,3,4.0,1,3.0,2,4.0,0,5,1,2.0,2,21128.0
4292,35.0,0,3,26.0,3,2,4,2.0,1,3.0,3,2.0,1,1,0,1.0,2,23982.0
4605,41.0,0,1,16.0,3,2,3,4.0,0,4.0,1,2.0,1,4,0,1.0,1,22295.0
4027,25.0,1,1,25.0,2,2,3,4.0,0,3.0,1,2.0,0,4,0,1.0,1,21452.0
3884,37.0,0,1,11.0,2,1,4,4.0,1,4.0,1,2.0,0,3,1,2.0,2,23809.0
1106,30.0,1,3,6.0,2,2,3,4.0,1,5.0,1,2.0,0,4,1,1.0,2,24714.0
3802,32.0,1,3,17.0,3,1,3,4.0,1,3.0,1,4.0,1,1,0,1.0,2,25261.0
2807,34.0,1,3,12.0,3,1,3,4.0,0,3.0,3,3.0,1,2,1,1.0,1,21529.0
689,20.0,1,1,10.0,1,2,2,3.0,0,5.0,2,2.0,0,3,1,1.0,1,17973.0
3627,37.0,1,1,10.0,2,2,4,2.0,1,5.0,1,8.0,0,1,1,3.0,2,25520.0
1686,30.0,0,3,32.0,3,1,2,4.0,1,5.0,3,6.0,0,1,1,1.0,2,21696.0
4423,34.0,0,1,13.0,2,2,2,4.0,1,3.0,1,5.0,0,5,1,1.0,2,26403.0
2706,33.0,1,1,9.0,1,2,3,5.0,1,5.0,2,6.0,0,4,0,2.0,2,20854.0
4136,38.0,0,1,18.0,2,2,3,4.0,3,3.0,1,3.0,1,3,1,2.0,3,30863.0
3786,35.0,1,3,11.0,2,2,4,4.0,3,3.0,1,4.0,1,4,0,3.0,3,28391.0
3595,29.0,1,1,34.0,3,1,3,6.0,1,5.0,1,2.0,0,4,1,1.0,2,23886.0
2805,41.0,1,1,17.0,2,1,3,3.0,0,3.0,0,5.0,1,3,0,2.0,1,20891.0
1575,59.0,0,2,8.0,2,1,2,4.0,2,3.0,1,1.0,0,1,0,1.0,4,33844.0
4828,56.0,0,3,9.0,2,1,3,5.0,0,3.0,2,2.0,0,5,0,1.0,1,32255.0
3059,28.0,0,1,10.0,3,2,3,4.0,0,3.0,0,3.0,0,2,1,1.0,1,20384.0
2448,28.0,1,1,9.0,3,2,3,4.0,0,4.0,0,2.0,0,5,1,1.0,1,22146.0
1350,27.0,1,3,8.0,3,1,2,1.0,1,3.0,3,1.0,0,1,0,1.0,2,21500.0
1947,50.0,0,2,9.0,3,2,3,3.0,2,4.0,1,2.0,0,1,1,2.0,4,33200.0
2012,38.0,1,1,6.0,2,1,2,3.0,3,3.0,3,5.0,1,1,0,1.0,3,22861.0
116,34.0,1,1,11.0,3,0,2,4.0,3,5.0,3,3.0,0,2,0,0.0,3,26631.0
1701,42.0,1,1,10.0,1,2,2,3.0,2,3.0,1,2.0,0,1,0,0.0,4,34232.0
4537,31.0,0,1,12.0,2,2,4,5.0,0,3.0,1,2.0,0,5,0,1.0,1,22439.0
3043,37.0,1,2,20.0,2,2,3,4.0,0,4.0,0,6.0,0,3,1,1.0,1,20821.0
29,46.0,1,3,8.0,3,1,2,3.0,2,5.0,2,4.0,0,2,0,1.0,4,33947.0
1836,41.0,0,3,10.0,3,2,2,3.0,1,4.0,3,2.0,0,3,1,0.0,2,24355.0
3358,56.0,0,1,15.0,3,2,3,5.0,4,4.0,1,3.0,1,3,1,2.0,0,32255.0
3442,27.0,1,1,9.0,3,2,3,5.0,0,3.0,3,2.0,0,3,0,1.0,1,22582.0
857,44.0,1,1,16.0,2,2,3,3.0,0,3.0,2,2.0,1,3,1,2.0,1,17936.0
3513,29.0,1,1,7.0,2,2,4,5.0,0,3.0,1,3.0,0,4,0,2.0,1,20241.0
217,29.0,1,1,6.0,1,2,2,3.0,0,3.0,2,1.0,0,2,0,0.0,1,17058.0
2152,32.0,0,1,6.0,2,1,3,4.0,0,4.0,1,7.0,0,3,0,2.0,1,17332.0
4520,35.0,0,1,23.0,2,1,4,5.0,0,3.0,2,3.0,0,5,1,3.0,1,21231.0
1282,33.0,1,1,14.0,2,2,2,1.0,0,5.0,1,7.0,0,3,1,1.0,1,18143.0
2685,33.0,0,3,33.0,3,2,4,4.0,1,3.0,0,2.0,0,4,1,3.0,2,23143.0
2282,43.0,0,1,33.0,2,1,2,3.0,3,5.0,1,1.0,0,4,1,0.0,3,25820.0
3713,44.0,1,2,9.0,2,2,4,4.0,0,3.0,3,2.0,0,1,0,1.0,1,22217.0
3112,29.0,1,1,16.0,3,1,4,4.0,0,3.0,1,7.0,0,3,1,2.0,1,21055.0
4603,21.0,1,1,11.0,1,2,3,4.0,0,5.0,3,3.0,0,3,1,1.0,1,21651.0
4400,38.0,1,3,9.0,3,2,4,4.0,1,3.0,1,6.0,1,3,0,3.0,2,28280.0
705,39.0,1,3,8.0,2,2,2,1.0,3,3.0,3,1.0,0,2,1,1.0,3,22880.0
2304,34.0,1,3,15.0,2,1,3,3.0,1,3.0,1,2.0,0,1,0,0.0,2,20714.0
3037,37.0,1,1,7.0,2,1,3,4.0,1,4.0,0,2.0,0,5,0,1.0,2,23906.0
123,51.0,1,1,12.0,2,2,2,3.0,2,3.0,2,1.0,0,5,1,0.0,4,34537.0
508,35.0,1,1,12.0,2,2,2,5.0,1,3.0,3,2.0,0,5,1,0.0,2,21646.0
4032,37.0,1,1,10.0,2,1,3,4.0,0,3.0,1,7.0,0,1,0,2.0,1,21513.0
2062,47.0,1,1,8.0,2,1,2,3.0,4,3.0,1,2.0,1,4,1,0.0,0,31752.0
825,29.0,1,1,14.0,3,2,3,4.0,1,3.0,0,2.0,1,3,0,0.0,2,20056.0
1023,56.0,1,1,6.0,2,1,2,3.0,0,5.0,0,3.0,0,5,1,1.0,1,17066.0
150,40.0,0,1,32.0,3,1,2,3.0,1,4.0,1,2.0,0,2,1,0.0,2,20605.0
4373,42.0,0,1,9.0,2,0,4,5.0,1,3.0,3,4.0,1,1,0,1.0,2,25489.0
2383,45.0,1,3,19.0,3,2,2,1.0,4,3.0,2,7.0,1,3,1,0.0,0,33824.0
194,45.0,0,1,8.0,3,2,3,4.0,4,3.0,0,1.0,0,4,1,0.0,0,31792.0
1770,41.0,1,3,8.0,2,2,2,3.0,4,4.0,2,2.0,0,3,1,1.0,0,31015.0
616,51.0,1,3,32.0,3,1,3,3.0,4,3.0,0,3.0,0,3,0,1.0,0,31307.0
4313,32.0,1,1,7.0,2,2,4,5.0,0,5.0,1,3.0,0,4,1,2.0,1,20896.0
374,28.0,1,3,15.0,2,2,3,3.0,1,3.0,2,2.0,0,3,1,0.0,2,20253.0
2753,32.0,1,1,12.0,1,2,3,4.0,0,3.0,0,2.0,1,4,0,2.0,1,23499.0
3087,43.0,1,1,10.0,2,1,4,2.0,1,3.0,0,4.0,1,5,0,1.0,2,23909.0
2446,38.0,1,1,9.0,0,2,4,5.0,0,3.0,2,8.0,1,3,0,1.0,1,20768.0
1518,46.0,0,3,11.0,3,2,3,3.0,1,3.0,2,5.0,1,5,1,1.0,2,20772.0
4689,44.0,1,3,32.0,3,2,4,5.0,3,3.0,1,7.0,0,4,1,2.0,3,29476.0
2812,41.0,1,3,29.0,3,2,4,5.0,1,3.0,0,4.0,1,3,1,2.0,2,25058.0
1156,40.0,1,1,21.0,2,1,3,4.0,3,3.0,1,2.0,0,1,1,1.0,3,25435.0
295,42.0,0,3,32.0,3,1,3,3.0,4,4.0,0,6.0,0,3,1,2.0,0,28525.0
4465,40.0,1,2,10.0,2,1,3,2.0,1,4.0,1,2.0,0,1,0,1.0,2,25067.0
997,27.0,1,1,23.0,2,1,2,3.0,0,3.0,2,2.0,1,5,1,0.0,1,17394.0
2439,48.0,1,3,8.0,3,2,2,4.0,1,4.0,3,1.0,1,1,1,0.0,2,22898.0
1148,39.0,1,1,16.0,3,2,3,3.0,1,5.0,1,3.0,0,5,1,2.0,2,20377.0
4344,36.0,1,1,29.0,2,2,3,6.0,0,3.0,3,2.0,0,4,1,2.0,1,22908.0
2480,51.0,1,3,10.0,3,2,3,5.0,0,3.0,0,3.0,1,4,0,1.0,1,21361.0
2988,48.0,0,3,10.0,3,1,3,4.0,4,3.0,1,2.0,1,5,1,2.0,0,32448.0
870,35.0,1,3,23.0,2,2,3,3.0,1,5.0,0,4.0,1,3,1,1.0,2,23966.0
3226,31.0,1,1,27.0,2,2,3,4.0,1,5.0,0,2.0,0,4,1,1.0,2,28635.0
2084,26.0,0,1,11.0,3,1,2,4.0,0,3.0,1,2.0,1,1,0,1.0,1,17366.0
575,54.0,1,1,25.0,3,1,3,3.0,1,5.0,1,1.0,1,3,0,0.0,2,20485.0
3003,39.0,1,1,9.0,3,2,4,4.0,0,3.0,0,8.0,1,4,0,1.0,1,21735.0
1501,44.0,1,1,16.0,2,2,2,3.0,1,3.0,1,3.0,1,3,0,1.0,2,21465.0
1166,48.0,0,1,10.0,3,2,2,4.0,4,3.0,1,3.0,0,5,1,1.0,0,30202.0
1803,43.0,1,1,13.0,2,1,2,3.0,3,5.0,1,1.0,0,5,1,0.0,3,24985.0
567,34.0,1,3,8.0,2,2,2,3.0,1,3.0,2,2.0,0,5,0,0.0,2,21274.0
4374,27.0,1,3,36.0,3,2,3,4.0,1,3.0,1,7.0,0,5,0,1.0,2,22984.0
3123,32.0,0,3,27.0,3,1,3,4.0,1,3.0,0,3.0,0,2,1,1.0,2,25610.0
3553,31.0,1,3,36.0,1,2,3,4.0,3,4.0,1,5.0,0,4,0,2.0,3,27928.0
220,36.0,1,1,11.0,2,2,3,3.0,1,4.0,2,1.0,0,2,0,2.0,2,20914.0
2663,55.0,1,3,10.0,3,1,3,4.0,1,5.0,0,4.0,0,4,1,2.0,2,24618.0
1769,51.0,1,1,8.0,3,2,2,5.0,1,4.0,1,6.0,0,1,0,1.0,2,20482.0
4728,41.0,1,1,21.0,3,2,3,5.0,2,3.0,2,3.0,0,3,1,2.0,4,38304.0
63,59.0,1,3,31.0,2,1,2,3.0,3,5.0,3,1.0,0,3,1,0.0,3,22637.0
1060,24.0,0,1,15.0,3,2,2,3.0,0,5.0,2,3.0,1,3,0,1.0,1,18172.0
2331,46.0,1,3,8.0,3,1,3,3.0,4,5.0,1,1.0,0,1,1,1.0,0,32048.0
91,51.0,1,3,27.0,3,2,3,3.0,1,3.0,2,1.0,1,5,1,1.0,2,20441.0
1421,47.0,0,1,6.0,3,1,3,3.0,3,4.0,1,1.0,0,5,0,0.0,3,26957.0
3293,44.0,1,3,16.0,3,0,3,6.0,1,3.0,3,2.0,0,2,1,2.0,2,24024.0
4549,36.0,1,1,16.0,2,1,4,5.0,3,3.0,1,3.0,1,4,1,3.0,3,29363.0
3403,41.0,1,1,9.0,2,2,4,4.0,1,3.0,3,3.0,0,3,1,3.0,2,23339.0
1444,56.0,1,1,13.0,1,2,3,3.0,0,3.0,1,1.0,0,4,1,2.0,1,17339.0
3466,38.0,0,1,12.0,1,2,3,2.0,0,3.0,3,2.0,0,5,1,1.0,1,22178.0
1162,35.0,1,3,16.0,3,2,2,4.0,3,5.0,1,1.0,0,5,1,1.0,3,25306.0
1890,29.0,1,1,9.0,3,2,3,4.0,3,3.0,1,2.0,0,1,0,2.0,3,26935.0
4247,44.0,1,1,14.0,2,1,3,4.0,3,5.0,1,2.0,0,5,1,1.0,3,28663.0
2935,44.0,0,1,16.0,3,2,4,4.0,1,3.0,1,5.0,1,3,1,1.0,2,24357.0
1478,38.0,0,1,29.0,2,2,2,4.0,3,3.0,3,1.0,0,3,1,0.0,3,24526.0
4638,25.0,1,1,24.0,3,1,3,5.0,1,3.0,1,3.0,0,3,0,1.0,2,23055.0
197,42.0,0,1,27.0,3,1,2,3.0,1,3.0,1,3.0,0,2,0,0.0,2,20265.0
1607,39.0,1,3,10.0,2,1,2,4.0,1,3.0,1,5.0,0,5,1,1.0,2,20902.0
3447,26.0,1,1,7.0,1,2,3,4.0,0,3.0,0,6.0,0,5,1,2.0,1,21907.0
1950,30.0,0,3,18.0,2,2,3,4.0,0,5.0,1,2.0,0,5,1,2.0,1,17033.0
64,36.0,1,1,14.0,1,1,2,3.0,3,3.0,1,2.0,0,4,1,1.0,3,25096.0
1746,35.0,1,1,28.0,2,1,3,1.0,3,4.0,1,1.0,0,5,1,2.0,3,26996.0
272,28.0,1,1,15.0,3,2,3,3.0,0,3.0,0,2.0,0,2,1,1.0,1,17070.0
2551,26.0,1,3,12.0,3,2,3,5.0,1,3.0,3,3.0,1,3,1,1.0,2,24422.0
32,30.0,1,1,15.0,3,2,2,4.0,0,3.0,2,2.0,0,4,1,1.0,1,17206.0
2163,36.0,1,3,9.0,2,2,2,4.0,3,3.0,1,2.0,1,1,1,0.0,3,25325.0
3776,30.0,0,1,31.0,2,2,4,5.0,0,3.0,2,3.0,1,3,1,3.0,1,21117.0
1126,50.0,1,3,5.0,3,2,2,3.0,2,3.0,1,5.0,1,5,0,1.0,4,34331.0
265,29.0,1,3,8.0,3,2,3,4.0,1,4.0,0,3.0,0,4,0,1.0,2,21644.0
4763,44.0,1,3,16.0,3,0,3,6.0,1,3.0,3,2.0,0,1,0,1.0,2,24024.0
2689,32.0,0,1,10.0,3,2,4,4.0,3,3.0,1,2.0,0,4,1,3.0,3,32353.0
1097,24.0,1,1,27.0,1,2,2,4.0,0,5.0,1,1.0,0,3,0,0.0,1,17296.0
2728,27.0,0,1,18.0,3,2,3,4.0,1,5.0,0,3.0,1,3,1,2.0,2,23419.0
2416,40.0,1,1,14.0,3,2,3,4.0,0,3.0,3,2.0,1,4,1,2.0,1,24094.0
3931,23.0,0,1,23.0,3,2,4,2.0,0,3.0,1,3.0,1,3,0,3.0,1,21613.0
395,43.0,0,1,27.0,3,2,3,3.0,0,3.0,0,1.0,0,4,0,2.0,1,17258.0
1398,33.0,0,1,13.0,2,2,2,3.0,1,3.0,1,2.0,0,5,1,1.0,2,20968.0
2212,50.0,1,1,15.0,2,2,3,3.0,0,3.0,1,5.0,0,5,1,2.0,1,17380.0
4078,28.0,0,1,10.0,3,2,4,5.0,0,3.0,1,3.0,1,1,0,3.0,1,21244.0
1972,53.0,1,3,6.0,3,1,2,3.0,1,5.0,3,1.0,0,1,1,1.0,2,23381.0
751,50.0,0,3,6.0,2,1,3,3.0,1,3.0,0,1.0,0,2,1,1.0,2,21347.0
4831,35.0,1,1,24.0,2,1,3,4.0,0,3.0,3,3.0,1,5,1,1.0,1,23216.0
3953,34.0,0,3,7.0,2,1,3,2.0,1,5.0,1,4.0,0,3,0,2.0,2,24054.0
178,46.0,1,3,6.0,3,1,3,3.0,3,5.0,1,2.0,0,2,1,1.0,3,25453.0
2057,52.0,1,1,17.0,2,1,2,3.0,1,3.0,1,1.0,0,1,1,0.0,2,18149.0
4177,47.0,1,3,9.0,1,1,4,6.0,4,4.0,1,5.0,1,5,1,1.0,0,35550.0
2128,44.0,1,1,15.0,2,2,3,3.0,0,5.0,1,2.0,1,3,1,0.0,1,17559.0
4570,33.0,1,1,32.0,2,2,3,4.0,0,3.0,3,3.0,1,5,0,1.0,1,21473.0
1608,25.0,1,3,34.0,2,2,2,4.0,1,3.0,1,3.0,0,4,1,1.0,2,23639.0
3660,44.0,1,3,9.0,3,2,4,4.0,1,3.0,1,3.0,1,3,0,1.0,2,26525.0
55,33.0,0,1,6.0,2,0,3,3.0,3,3.0,3,2.0,1,2,1,0.0,3,28458.0
3386,37.0,1,1,17.0,1,1,4,4.0,3,3.0,0,5.0,0,3,0,3.0,3,25772.0
1141,30.0,1,1,13.0,3,2,2,4.0,0,4.0,1,2.0,0,5,0,0.0,1,17141.0
3662,42.0,1,3,13.0,3,2,3,4.0,3,3.0,3,3.0,0,5,1,1.0,3,27919.0
1971,30.0,0,1,9.0,3,1,3,3.0,0,3.0,1,2.0,0,3,1,1.0,1,17083.0
4814,37.0,0,1,10.0,1,2,3,4.0,0,4.0,1,3.0,0,3,0,2.0,1,22370.0
2813,32.0,1,1,16.0,2,2,3,5.0,0,4.0,3,2.0,1,3,1,1.0,1,21335.0
439,31.0,0,1,26.0,2,2,3,3.0,3,3.0,0,4.0,0,3,1,0.0,3,24824.0
3915,50.0,0,1,15.0,2,2,4,5.0,1,4.0,1,3.0,0,1,0,1.0,2,23808.0
3944,34.0,1,1,9.0,3,2,4,4.0,0,3.0,2,6.0,0,3,0,3.0,1,21174.0
4519,39.0,0,1,19.0,2,2,2,5.0,1,5.0,1,4.0,0,5,1,1.0,2,24966.0
1342,34.0,1,3,10.0,2,2,3,3.0,3,3.0,1,3.0,1,4,0,2.0,3,24713.0
4261,48.0,0,3,11.0,3,2,4,4.0,1,3.0,3,5.0,0,4,0,3.0,2,21654.0
754,33.0,0,3,14.0,2,1,2,4.0,0,3.0,2,1.0,0,2,1,1.0,1,17342.0
4111,43.0,0,1,28.0,3,1,3,4.0,1,3.0,1,4.0,0,1,0,1.0,2,23943.0
3898,46.0,1,3,27.0,2,1,3,4.0,1,3.0,3,2.0,0,1,1,1.0,2,23528.0
4666,37.0,1,1,23.0,2,1,3,2.0,0,5.0,3,3.0,0,1,1,1.0,1,21421.0
679,31.0,0,3,26.0,3,1,2,3.0,1,3.0,0,2.0,0,2,1,0.0,2,21932.0
4297,23.0,1,1,18.0,3,1,3,4.0,0,4.0,1,3.0,0,1,1,2.0,1,20922.0
3646,39.0,1,1,11.0,3,1,3,4.0,0,3.0,1,2.0,0,5,0,1.0,1,21984.0
4362,41.0,1,1,13.0,2,1,4,4.0,4,3.0,2,2.0,0,5,1,1.0,0,31915.0
672,42.0,1,3,20.0,3,1,3,4.0,1,3.0,2,1.0,0,3,0,0.0,2,21244.0
313,33.0,0,1,11.0,2,1,3,3.0,3,4.0,0,7.0,0,3,1,2.0,3,26878.0
4008,33.0,1,3,13.0,3,2,3,4.0,1,3.0,3,3.0,0,5,1,2.0,2,23688.0
2735,37.0,1,1,10.0,1,2,2,4.0,1,4.0,3,6.0,0,2,1,1.0,2,23163.0
2018,43.0,0,3,21.0,2,2,2,4.0,1,3.0,1,4.0,0,5,1,0.0,2,21804.0
1236,36.0,1,3,19.0,3,2,3,4.0,1,5.0,1,6.0,1,1,1,0.0,2,21134.0
4212,37.0,0,1,25.0,2,2,3,2.0,0,3.0,1,6.0,0,5,1,2.0,1,22366.0
2369,49.0,1,1,10.0,3,2,2,4.0,2,3.0,1,3.0,0,3,0,1.0,4,33711.0
1034,45.0,1,1,26.0,3,2,3,5.0,3,5.0,1,3.0,1,3,0,0.0,3,25851.0
4512,29.0,1,1,9.0,3,2,3,4.0,0,3.0,3,8.0,0,3,1,2.0,1,23060.0
3289,41.0,0,1,33.0,3,1,4,5.0,1,3.0,0,5.0,1,2,1,1.0,2,23100.0
3873,40.0,1,1,31.0,2,2,3,4.0,1,3.0,3,2.0,0,4,1,1.0,2,22786.0
925,42.0,1,1,13.0,3,1,3,1.0,1,4.0,0,7.0,1,1,0,0.0,2,17372.0
2975,33.0,1,1,10.0,2,1,3,4.0,3,3.0,2,5.0,0,2,1,2.0,3,29837.0
4201,39.0,1,1,30.0,2,2,3,4.0,1,3.0,1,2.0,0,3,0,2.0,2,24423.0
358,36.0,0,3,6.0,3,1,2,3.0,1,3.0,3,5.0,0,2,1,1.0,2,21653.0
3119,32.0,1,3,14.0,2,2,3,5.0,0,3.0,0,5.0,0,4,1,2.0,1,21007.0
2201,20.0,1,1,17.0,3,1,3,4.0,0,5.0,2,2.0,1,3,1,2.0,1,17600.0
166,41.0,1,1,20.0,2,2,2,3.0,0,3.0,1,5.0,0,4,1,1.0,1,17451.0
1336,55.0,1,1,8.0,1,2,3,4.0,0,3.0,1,1.0,0,5,0,0.0,1,17662.0
2478,25.0,1,1,7.0,3,2,4,4.0,0,3.0,0,4.0,1,3,1,3.0,1,20971.0
3474,32.0,1,3,15.0,2,2,3,4.0,3,3.0,1,3.0,0,3,1,1.0,3,29471.0
3235,36.0,1,3,11.0,1,2,3,4.0,3,5.0,3,2.0,1,4,1,2.0,3,28260.0
324,30.0,1,1,34.0,3,1,3,3.0,1,3.0,0,2.0,0,3,0,2.0,2,20775.0
1775,36.0,0,1,30.0,2,1,2,3.0,1,4.0,1,1.0,0,3,1,1.0,2,20674.0
2901,19.0,0,3,12.0,3,2,4,4.0,0,4.0,2,3.0,1,4,1,3.0,1,20556.0
4254,38.0,1,1,12.0,3,2,4,4.0,1,3.0,1,2.0,0,3,1,3.0,2,25025.0
4754,36.0,1,1,7.0,3,2,3,5.0,0,3.0,1,8.0,0,1,1,2.0,1,20936.0
1105,33.0,1,3,14.0,2,2,2,3.0,1,5.0,1,3.0,0,5,1,0.0,2,21392.0
68,35.0,0,1,6.0,3,2,3,3.0,0,5.0,0,5.0,0,2,0,1.0,1,17194.0
4398,32.0,1,3,13.0,3,2,4,2.0,1,3.0,1,6.0,0,5,1,2.0,2,24138.0
659,28.0,1,3,11.0,3,2,3,3.0,1,3.0,2,2.0,0,3,1,0.0,2,19908.0
4178,29.0,1,1,9.0,2,2,4,4.0,0,3.0,3,4.0,0,4,0,2.0,1,22163.0
4441,33.0,1,3,17.0,3,2,3,4.0,1,3.0,3,3.0,0,4,1,2.0,2,24074.0
4406,49.0,1,1,7.0,2,1,3,5.0,4,5.0,1,2.0,0,4,0,1.0,0,34080.0
1011,36.0,1,3,9.0,3,0,2,3.0,1,4.0,3,4.0,1,4,0,1.0,2,24278.0
2872,48.0,1,1,9.0,3,1,4,4.0,1,3.0,1,7.0,0,2,0,2.0,2,23748.0
578,38.0,0,1,8.0,2,1,3,1.0,1,5.0,2,7.0,1,2,1,2.0,2,20980.0
1103,48.0,1,3,22.0,2,1,3,3.0,1,3.0,1,1.0,0,4,1,0.0,2,21439.0
952,31.0,0,3,6.0,2,1,2,3.0,0,4.0,2,2.0,1,5,1,1.0,1,17302.0
2552,26.0,1,1,14.0,3,2,4,5.0,0,3.0,0,3.0,0,2,1,3.0,1,21567.0
3732,36.0,0,1,9.0,3,2,3,4.0,1,3.0,1,4.0,0,3,0,2.0,2,24440.0
491,43.0,0,1,15.0,3,2,3,3.0,1,3.0,1,4.0,1,3,1,0.0,2,20679.0
3022,39.0,0,1,9.0,2,0,4,2.0,1,5.0,3,8.0,1,2,1,3.0,2,24658.0
1978,35.0,1,1,12.0,2,2,2,5.0,1,3.0,3,2.0,0,5,0,1.0,2,21646.0
213,51.0,1,1,14.0,2,2,2,4.0,3,4.0,0,6.0,0,3,1,1.0,3,27490.0
1623,45.0,1,1,15.0,2,2,2,3.0,1,4.0,1,1.0,0,4,1,0.0,2,17348.0
2834,44.0,1,1,19.0,2,2,3,5.0,4,4.0,1,3.0,0,3,0,2.0,0,33014.0
4860,41.0,1,1,15.0,3,2,4,5.0,0,3.0,3,3.0,1,4,1,3.0,1,27772.0
4164,38.0,0,1,17.0,3,2,4,4.0,3,3.0,1,8.0,0,3,0,3.0,3,28726.0
4437,51.0,1,1,35.0,3,2,4,2.0,0,3.0,1,3.0,1,1,0,2.0,1,21899.0
4580,23.0,1,1,10.0,2,1,3,4.0,1,3.0,1,2.0,1,5,1,2.0,2,22849.0
2123,50.0,0,1,8.0,2,2,3,3.0,4,5.0,1,2.0,0,5,1,1.0,0,32924.0
232,59.0,1,2,12.0,3,2,2,3.0,0,3.0,0,1.0,0,4,1,0.0,1,17267.0
3307,34.0,1,2,9.0,2,2,3,4.0,0,3.0,0,3.0,0,2,0,1.0,1,22278.0
14,28.0,1,1,30.0,2,2,2,4.0,0,3.0,2,6.0,1,2,0,0.0,1,17028.0
4213,52.0,1,1,9.0,3,2,3,6.0,1,4.0,1,7.0,0,1,0,2.0,2,24160.0
3950,51.0,1,3,10.0,3,2,3,5.0,0,3.0,1,3.0,1,4,1,2.0,1,21361.0
399,31.0,1,1,6.0,2,2,3,4.0,0,5.0,0,2.0,0,4,0,0.0,1,17218.0
1136,28.0,1,1,30.0,3,2,2,3.0,0,4.0,1,2.0,1,1,0,0.0,1,17408.0
3600,41.0,1,1,22.0,2,1,4,5.0,3,3.0,1,3.0,0,1,1,2.0,3,29113.0
4342,48.0,1,1,9.0,3,1,4,4.0,1,3.0,1,7.0,0,1,0,1.0,2,23748.0
1513,27.0,0,3,14.0,2,2,2,3.0,3,3.0,3,2.0,0,1,1,0.0,3,23726.0
435,33.0,1,1,21.0,3,2,2,3.0,3,3.0,0,1.0,1,5,0,0.0,3,28610.0
3593,28.0,1,1,26.0,2,2,4,5.0,0,5.0,1,3.0,0,1,0,1.0,1,22744.0
1500,33.0,1,1,8.0,3,2,3,3.0,0,3.0,2,5.0,0,3,0,2.0,1,17496.0
633,36.0,1,2,14.0,2,2,3,4.0,0,5.0,0,1.0,0,2,1,2.0,1,17342.0
4810,32.0,1,1,31.0,3,0,4,5.0,1,5.0,3,3.0,0,5,1,1.0,2,25490.0
4263,30.0,0,3,9.0,2,2,4,4.0,1,3.0,1,3.0,0,1,1,2.0,2,23327.0
2181,29.0,1,1,16.0,2,1,3,4.0,0,5.0,2,7.0,1,5,1,0.0,1,17404.0
2468,35.0,1,1,13.0,3,2,3,4.0,0,5.0,3,4.0,0,2,1,2.0,1,21638.0
1791,31.0,1,3,13.0,3,2,3,3.0,1,3.0,1,5.0,0,1,0,0.0,2,22547.0
3877,26.0,1,3,15.0,2,1,3,4.0,1,3.0,1,2.0,1,1,1,2.0,2,23585.0
3727,29.0,1,1,7.0,2,2,3,4.0,0,3.0,1,3.0,0,1,0,1.0,1,20722.0
3890,35.0,1,3,35.0,3,1,4,5.0,1,3.0,1,3.0,0,5,1,1.0,2,25390.0
2856,47.0,1,1,25.0,3,1,3,4.0,1,3.0,1,4.0,0,5,0,1.0,2,23488.0
3272,19.0,0,1,15.0,3,2,4,4.0,0,3.0,2,3.0,0,5,0,1.0,1,20582.0
4467,41.0,1,1,9.0,3,1,3,5.0,0,3.0,2,2.0,1,3,0,1.0,1,21020.0
3187,60.0,1,1,9.0,2,1,4,5.0,4,3.0,2,5.0,1,5,0,3.0,0,32404.0
1559,46.0,1,3,15.0,3,2,3,4.0,3,3.0,3,2.0,0,5,1,2.0,3,24619.0
4858,29.0,1,1,14.0,2,2,4,4.0,0,5.0,3,5.0,1,3,0,3.0,1,25352.0
2955,37.0,1,1,16.0,3,2,3,5.0,1,4.0,1,4.0,1,4,1,1.0,2,27525.0
1279,44.0,0,1,6.0,3,2,2,3.0,0,4.0,1,2.0,1,3,1,1.0,1,17342.0
2483,34.0,0,3,7.0,2,1,3,3.0,1,5.0,0,4.0,0,3,1,1.0,2,24054.0
279,50.0,1,1,10.0,2,2,3,3.0,2,4.0,1,4.0,0,5,1,0.0,4,34144.0
2055,23.0,1,1,12.0,2,2,3,1.0,0,5.0,1,2.0,1,3,0,0.0,1,16601.0
4036,57.0,1,1,21.0,2,1,4,4.0,0,4.0,1,2.0,1,5,1,1.0,1,23641.0
3744,35.0,1,3,15.0,1,2,4,2.0,1,3.0,1,3.0,0,1,0,3.0,2,25477.0
4335,30.0,1,1,32.0,1,1,4,5.0,0,4.0,1,7.0,0,3,1,3.0,1,21224.0
227,29.0,0,3,6.0,3,1,2,3.0,3,3.0,0,2.0,0,3,1,0.0,3,22918.0
2860,39.0,0,1,9.0,2,2,3,4.0,0,3.0,0,3.0,1,5,1,2.0,1,20380.0
2963,30.0,0,1,7.0,2,2,4,6.0,0,3.0,1,3.0,0,2,1,1.0,1,21398.0
606,34.0,0,1,22.0,2,1,3,4.0,0,3.0,2,2.0,0,5,1,1.0,1,17553.0
4811,60.0,1,3,10.0,2,0,3,5.0,1,3.0,3,7.0,0,3,0,1.0,2,23849.0
2485,28.0,1,1,9.0,2,1,3,4.0,0,5.0,1,3.0,0,3,0,2.0,1,21019.0
171,19.0,0,3,6.0,1,1,3,5.0,0,5.0,2,1.0,0,3,1,1.0,1,17325.0
327,39.0,1,3,9.0,3,1,2,3.0,1,3.0,0,5.0,1,4,1,1.0,2,20238.0
2847,42.0,1,3,7.0,3,2,3,3.0,3,5.0,0,3.0,0,3,1,2.0,3,27070.0
4005,52.0,1,3,28.0,3,2,4,4.0,1,3.0,3,2.0,1,5,0,3.0,2,24119.0
78,37.0,1,1,13.0,3,2,1,3.0,3,3.0,2,5.0,0,2,0,0.0,3,28664.0
1374,58.0,1,3,27.0,2,1,3,3.0,4,3.0,1,5.0,1,5,1,0.0,0,32875.0
2213,59.0,1,1,8.0,2,1,3,4.0,4,3.0,2,4.0,1,5,1,0.0,0,28726.0
3936,35.0,1,1,14.0,2,1,3,4.0,3,4.0,2,2.0,0,5,0,1.0,3,30672.0
4784,36.0,1,3,24.0,2,2,4,4.0,1,5.0,1,5.0,1,3,0,3.0,2,27644.0
2125,33.0,1,2,9.0,2,2,2,3.0,0,4.0,1,4.0,1,5,0,1.0,1,17277.0
1414,47.0,1,1,31.0,3,2,2,3.0,3,3.0,3,3.0,0,3,1,0.0,3,23633.0
4479,24.0,1,1,17.0,3,2,4,2.0,0,3.0,3,3.0,0,1,0,2.0,1,22183.0
4472,33.0,0,1,31.0,2,2,4,4.0,1,3.0,1,3.0,0,4,1,3.0,2,23987.0
2180,33.0,0,3,23.0,2,2,2,3.0,4,3.0,2,2.0,0,3,1,0.0,0,32444.0
2517,33.0,1,1,7.0,2,2,4,4.0,1,4.0,0,3.0,0,3,0,1.0,2,24898.0
3492,35.0,1,3,10.0,2,2,3,6.0,1,5.0,3,5.0,0,5,1,2.0,2,23437.0
3897,37.0,1,3,18.0,3,1,4,5.0,1,3.0,1,6.0,0,1,1,2.0,2,25330.0
3894,36.0,1,2,33.0,2,0,3,4.0,3,3.0,3,3.0,1,1,1,1.0,3,27515.0
1241,32.0,1,3,25.0,2,2,3,5.0,3,3.0,1,4.0,0,3,1,2.0,3,24610.0
344,35.0,1,1,11.0,1,2,3,3.0,3,4.0,3,1.0,0,3,0,0.0,3,23095.0
3876,38.0,1,1,17.0,2,1,3,2.0,3,3.0,1,3.0,1,1,0,2.0,3,32422.0
1814,35.0,1,1,11.0,1,2,3,3.0,3,4.0,3,1.0,0,3,1,1.0,3,23095.0
445,55.0,1,3,24.0,2,1,2,3.0,4,4.0,2,4.0,0,2,0,1.0,0,31835.0
3580,29.0,1,1,31.0,3,2,3,4.0,0,4.0,1,3.0,1,1,0,1.0,1,21086.0
367,50.0,1,1,16.0,1,2,3,4.0,3,3.0,3,7.0,0,5,0,2.0,3,25496.0
1033,31.0,0,1,6.0,2,1,3,1.0,3,4.0,3,2.0,0,3,1,2.0,3,22446.0
1417,31.0,1,3,8.0,2,2,2,3.0,0,3.0,1,1.0,0,4,1,0.0,1,18067.0
3587,46.0,0,3,33.0,3,2,3,5.0,1,5.0,1,3.0,0,3,0,1.0,2,23063.0
1739,36.0,1,1,12.0,2,2,2,3.0,0,3.0,1,1.0,0,5,1,1.0,1,18210.0
3284,36.0,1,1,7.0,3,2,3,5.0,0,3.0,0,8.0,0,2,1,2.0,1,20936.0
720,30.0,1,1,28.0,2,1,2,3.0,0,3.0,0,5.0,1,2,0,1.0,1,17132.0
515,35.0,0,1,9.0,2,2,2,4.0,0,3.0,0,2.0,0,2,1,1.0,1,16281.0
1656,40.0,1,1,10.0,3,1,2,3.0,2,3.0,1,2.0,0,5,1,1.0,4,34033.0
2497,36.0,0,1,18.0,3,2,4,5.0,3,5.0,0,4.0,1,5,1,2.0,3,28562.0
2235,38.0,0,1,9.0,2,2,2,3.0,0,3.0,1,4.0,0,3,1,0.0,1,17821.0
2614,28.0,1,1,24.0,1,2,3,4.0,0,4.0,0,2.0,1,4,1,1.0,1,21736.0
3179,49.0,1,1,13.0,2,2,4,5.0,1,3.0,3,4.0,0,2,0,1.0,2,22918.0
1871,56.0,0,3,12.0,2,1,2,1.0,4,5.0,1,1.0,0,3,1,0.0,0,28212.0
3382,59.0,1,1,30.0,2,2,3,4.0,0,3.0,1,3.0,0,3,1,2.0,1,21050.0
1480,35.0,1,1,22.0,3,2,2,1.0,0,4.0,1,1.0,0,4,1,1.0,1,17426.0
3781,29.0,1,3,10.0,3,1,4,4.0,0,4.0,1,3.0,0,1,1,1.0,1,21534.0
4486,30.0,1,1,34.0,3,1,4,4.0,1,3.0,1,6.0,0,1,0,2.0,2,23013.0
1703,50.0,1,3,6.0,3,1,3,3.0,2,3.0,1,4.0,0,1,1,0.0,4,34517.0
1684,30.0,1,1,9.0,1,1,2,3.0,0,5.0,2,6.0,1,4,0,0.0,1,17657.0
3982,36.0,0,1,7.0,3,2,4,4.0,0,5.0,1,6.0,0,1,0,2.0,1,20872.0
2495,29.0,1,1,12.0,1,2,3,4.0,0,3.0,3,3.0,1,2,1,1.0,1,22119.0
71,29.0,1,1,8.0,2,2,3,3.0,0,4.0,0,1.0,0,4,0,0.0,1,17703.0
95,54.0,1,1,8.0,1,1,2,3.0,3,3.0,0,1.0,0,4,1,0.0,3,28549.0
459,41.0,0,1,8.0,2,1,3,4.0,1,3.0,3,3.0,1,2,0,0.0,2,21811.0
4323,43.0,0,1,36.0,2,1,4,4.0,1,3.0,1,4.0,0,3,1,2.0,2,23234.0
1858,42.0,1,1,6.0,2,1,3,3.0,0,5.0,1,4.0,0,3,0,2.0,1,17576.0
2682,33.0,1,3,11.0,2,1,3,4.0,0,4.0,0,4.0,0,3,1,1.0,1,22609.0
4717,35.0,0,1,10.0,2,2,3,5.0,0,3.0,1,5.0,0,1,0,1.0,1,21657.0
2993,35.0,1,1,15.0,3,0,4,4.0,1,3.0,3,5.0,0,4,1,2.0,2,24820.0
946,40.0,1,3,31.0,3,2,2,4.0,3,4.0,3,3.0,1,5,0,1.0,3,24094.0
1699,29.0,1,1,24.0,3,2,2,4.0,0,3.0,2,2.0,1,3,0,0.0,1,17389.0
4268,31.0,0,3,32.0,1,1,3,4.0,1,3.0,1,2.0,1,3,1,2.0,2,23414.0
1173,36.0,1,1,11.0,2,1,2,3.0,3,5.0,1,5.0,0,4,1,1.0,3,23008.0
1170,27.0,0,1,8.0,3,2,2,3.0,0,3.0,2,3.0,0,3,0,1.0,1,17580.0
4192,27.0,0,1,7.0,2,1,3,4.0,1,4.0,1,3.0,0,5,1,2.0,2,25075.0
154,32.0,0,3,14.0,3,0,2,3.0,3,3.0,3,2.0,0,4,1,1.0,3,23998.0
1400,38.0,0,2,6.0,2,2,2,3.0,0,4.0,1,1.0,1,1,1,1.0,1,17991.0
2544,38.0,1,2,13.0,2,2,4,4.0,0,5.0,1,6.0,1,2,1,1.0,1,20751.0
2148,48.0,1,1,26.0,3,2,2,3.0,0,3.0,1,5.0,0,1,1,0.0,1,17259.0
2923,25.0,0,1,14.0,2,1,3,4.0,0,3.0,0,3.0,1,4,0,1.0,1,21564.0
2755,46.0,0,1,14.0,2,2,4,4.0,3,5.0,1,3.0,0,2,1,3.0,3,23888.0
536,60.0,1,3,22.0,3,2,2,3.0,1,5.0,2,1.0,0,4,1,0.0,2,20405.0
4340,31.0,0,1,9.0,3,1,3,4.0,0,3.0,2,2.0,0,4,1,1.0,1,21242.0
4054,33.0,1,1,16.0,3,1,3,4.0,0,5.0,3,2.0,0,4,1,1.0,1,22878.0
4041,20.0,1,3,29.0,3,2,3,4.0,0,3.0,2,3.0,1,1,1,1.0,1,20353.0
4751,41.0,0,1,16.0,3,1,3,4.0,3,3.0,2,2.0,0,4,1,2.0,3,32177.0
2127,29.0,1,1,13.0,3,1,3,4.0,0,3.0,1,7.0,0,5,1,1.0,1,17532.0
3077,37.0,1,2,15.0,2,2,4,5.0,0,5.0,0,2.0,0,2,1,3.0,1,21020.0
3538,41.0,1,3,16.0,3,2,3,4.0,1,5.0,1,2.0,0,3,1,2.0,2,24151.0
541,36.0,0,1,14.0,2,1,3,2.0,3,5.0,0,1.0,0,3,0,0.0,3,26713.0
484,31.0,1,3,12.0,3,2,3,2.0,1,3.0,1,5.0,0,5,1,2.0,2,20460.0
36,50.0,1,3,9.0,3,2,2,4.0,0,3.0,0,2.0,1,4,0,0.0,1,17683.0
1355,36.0,1,3,23.0,3,2,2,4.0,1,4.0,1,3.0,0,4,1,0.0,2,20507.0
251,39.0,0,1,8.0,1,0,3,3.0,3,3.0,3,1.0,0,2,1,1.0,3,25938.0
1502,30.0,1,1,15.0,3,2,2,4.0,0,3.0,2,2.0,0,4,0,1.0,1,17206.0
4747,28.0,1,1,13.0,2,2,3,5.0,0,3.0,1,3.0,0,1,1,2.0,1,21217.0
2659,42.0,1,3,13.0,2,1,4,4.0,3,3.0,2,5.0,1,2,0,2.0,3,32269.0
1079,39.0,1,1,12.0,2,1,2,3.0,3,4.0,3,5.0,0,3,0,1.0,3,23376.0
1569,44.0,0,1,29.0,3,2,3,3.0,1,4.0,1,5.0,0,3,0,1.0,2,17042.0
2926,32.0,1,3,20.0,3,2,3,4.0,1,5.0,1,4.0,0,2,0,1.0,2,22911.0
3395,42.0,0,3,17.0,3,2,3,6.0,1,4.0,3,3.0,0,1,1,1.0,2,24829.0
596,35.0,1,1,6.0,2,1,2,1.0,0,3.0,2,4.0,0,3,0,0.0,1,17506.0
4846,30.0,0,1,9.0,3,2,3,5.0,0,5.0,3,2.0,0,4,1,2.0,1,22017.0
844,30.0,1,3,16.0,3,2,3,4.0,1,3.0,0,2.0,0,2,1,0.0,2,21578.0
552,56.0,1,1,15.0,3,2,2,3.0,4,3.0,0,1.0,0,4,0,0.0,0,26103.0
4232,28.0,1,1,12.0,2,1,3,4.0,0,4.0,2,3.0,1,3,0,2.0,1,21156.0
4521,50.0,1,3,18.0,3,1,3,4.0,3,3.0,1,3.0,0,4,0,1.0,3,26332.0
1041,28.0,1,3,11.0,3,2,2,3.0,1,5.0,3,1.0,0,1,1,0.0,2,23463.0
236,33.0,1,1,8.0,2,1,2,3.0,0,5.0,0,1.0,0,3,1,0.0,1,17707.0
708,36.0,0,3,14.0,1,2,2,3.0,1,3.0,1,5.0,0,3,1,0.0,2,20079.0
1702,59.0,1,2,12.0,3,2,2,3.0,0,3.0,1,1.0,0,4,0,0.0,1,17267.0
3737,44.0,0,1,16.0,2,2,3,4.0,0,3.0,2,6.0,0,3,0,2.0,1,21116.0
7,30.0,1,1,30.0,2,2,3,3.0,0,3.0,1,2.0,0,2,0,1.0,1,17693.0
548,43.0,0,3,21.0,2,2,2,4.0,1,3.0,0,4.0,0,5,0,1.0,2,21804.0
356,42.0,1,1,8.0,2,2,3,4.0,1,3.0,3,4.0,0,2,0,1.0,2,21781.0
986,39.0,1,3,27.0,2,2,2,4.0,1,3.0,0,4.0,1,1,0,1.0,2,21120.0
3566,30.0,1,1,10.0,3,2,3,4.0,0,5.0,3,3.0,1,3,0,2.0,1,23401.0
4378,38.0,1,1,7.0,1,0,3,4.0,3,3.0,3,6.0,0,5,1,1.0,3,26169.0
4250,30.0,1,1,15.0,2,2,4,6.0,0,5.0,1,3.0,1,3,0,2.0,1,20797.0
4341,61.0,0,3,35.0,3,1,4,5.0,3,5.0,1,6.0,0,1,1,1.0,3,28944.0
1794,30.0,1,1,34.0,3,1,3,3.0,1,3.0,1,2.0,0,3,1,2.0,2,20775.0
4082,39.0,1,3,7.0,2,0,3,5.0,1,3.0,3,6.0,0,1,0,2.0,2,27364.0
2347,46.0,1,1,8.0,1,2,2,3.0,1,3.0,1,3.0,0,1,0,0.0,2,22379.0
876,20.0,1,3,27.0,3,2,2,1.0,0,3.0,2,2.0,0,3,0,0.0,1,17678.0
3156,34.0,1,1,20.0,2,1,3,4.0,0,3.0,3,5.0,0,3,1,1.0,1,22130.0
3703,31.0,1,1,23.0,2,2,3,2.0,1,3.0,1,5.0,0,1,1,1.0,2,23972.0
240,39.0,1,1,6.0,3,1,3,3.0,0,3.0,1,1.0,0,3,0,1.0,1,17232.0
559,38.0,1,1,8.0,3,2,3,3.0,0,3.0,0,7.0,1,4,0,0.0,1,18057.0
2278,29.0,1,1,34.0,2,1,3,3.0,0,3.0,1,5.0,0,5,1,0.0,1,17514.0
1517,37.0,1,1,25.0,2,2,3,3.0,0,4.0,1,5.0,0,4,0,1.0,1,18022.0
35,43.0,1,1,8.0,3,1,3,2.0,0,3.0,1,2.0,0,2,0,1.0,1,17645.0
4874,42.0,1,1,15.0,3,1,4,4.0,0,5.0,1,3.0,1,3,0,3.0,1,22781.0
1137,22.0,0,1,32.0,2,1,2,4.0,0,3.0,1,2.0,1,3,0,0.0,1,17814.0
2343,36.0,1,1,12.0,2,2,2,5.0,0,3.0,1,2.0,0,1,1,0.0,1,17741.0
3863,43.0,1,1,25.0,2,2,3,4.0,1,5.0,1,8.0,1,1,0,1.0,2,24088.0
1427,40.0,1,1,6.0,2,2,2,3.0,0,3.0,1,1.0,0,1,0,0.0,1,17406.0
3273,34.0,1,3,16.0,3,0,4,4.0,1,5.0,3,2.0,1,3,0,2.0,2,26902.0
3729,47.0,0,3,33.0,2,2,4,5.0,1,4.0,3,2.0,0,4,1,3.0,2,26669.0
1114,48.0,1,1,21.0,2,1,3,3.0,0,5.0,1,1.0,0,1,1,0.0,1,17367.0
2442,18.0,1,3,15.0,3,2,2,3.0,0,3.0,2,2.0,0,5,0,1.0,1,16611.0
4566,38.0,0,3,26.0,3,2,3,4.0,3,4.0,3,3.0,1,5,0,1.0,3,26320.0
3046,31.0,1,1,9.0,3,0,3,5.0,1,3.0,3,7.0,1,2,1,2.0,2,25555.0
2712,46.0,1,1,27.0,3,2,4,4.0,4,3.0,0,2.0,1,3,0,1.0,0,32174.0
3746,36.0,1,1,30.0,3,2,4,6.0,0,3.0,1,2.0,0,1,1,1.0,1,21383.0
274,21.0,1,1,9.0,3,2,3,4.0,0,3.0,2,2.0,0,5,1,1.0,1,18230.0
928,44.0,1,1,21.0,3,1,3,3.0,3,3.0,0,2.0,0,3,0,1.0,3,22978.0
969,48.0,1,1,10.0,2,2,2,3.0,3,3.0,3,2.0,0,5,1,1.0,3,22898.0
715,33.0,0,1,6.0,2,1,2,1.0,1,4.0,0,2.0,1,3,0,1.0,2,20488.0
2270,28.0,0,1,6.0,3,2,2,4.0,0,4.0,1,2.0,0,4,1,0.0,1,17596.0
4205,37.0,1,1,10.0,1,2,2,4.0,1,4.0,3,6.0,0,1,1,1.0,2,23163.0
2098,37.0,1,3,22.0,3,2,3,4.0,1,3.0,1,5.0,0,5,1,0.0,2,21334.0
1719,45.0,0,1,13.0,2,2,3,1.0,1,3.0,1,5.0,0,1,1,0.0,2,21434.0
2280,46.0,1,3,9.0,3,2,2,3.0,4,3.0,1,4.0,0,1,1,0.0,0,32465.0
2909,47.0,0,1,25.0,3,1,3,4.0,3,3.0,0,7.0,0,3,1,1.0,3,29205.0
101,32.0,1,1,6.0,2,2,3,3.0,0,5.0,2,2.0,0,2,0,2.0,1,17956.0
314,39.0,1,1,16.0,3,2,2,3.0,4,5.0,0,2.0,1,3,1,1.0,0,32068.0
362,21.0,0,3,15.0,3,2,2,3.0,0,3.0,2,2.0,0,4,0,0.0,1,17610.0
4746,38.0,1,1,32.0,3,1,3,5.0,1,3.0,1,2.0,0,3,1,1.0,2,24409.0
1362,45.0,0,1,6.0,3,2,2,3.0,1,3.0,2,5.0,0,1,1,1.0,2,20399.0
1037,45.0,1,1,35.0,1,2,2,3.0,3,3.0,0,5.0,1,5,1,0.0,3,24380.0
4188,22.0,1,1,10.0,3,2,4,5.0,0,3.0,3,3.0,0,5,1,3.0,1,21908.0
1486,32.0,1,1,11.0,2,2,3,1.0,0,4.0,1,1.0,1,1,1,2.0,1,18298.0
3759,37.0,1,1,9.0,2,1,4,4.0,1,4.0,1,6.0,1,4,0,1.0,2,25640.0
2023,40.0,1,1,8.0,3,1,2,4.0,0,3.0,2,1.0,1,3,0,0.0,1,17342.0
4646,31.0,0,1,12.0,3,1,3,4.0,0,4.0,2,2.0,0,3,0,1.0,1,21100.0
2554,52.0,0,1,7.0,3,0,2,5.0,3,5.0,3,5.0,0,2,1,1.0,3,26162.0
4267,38.0,1,1,13.0,3,2,3,2.0,1,5.0,1,6.0,1,3,1,2.0,2,24652.0
4690,21.0,0,3,16.0,3,1,3,4.0,0,3.0,2,3.0,1,4,1,1.0,1,21001.0
3615,41.0,1,1,14.0,2,2,4,4.0,0,5.0,2,5.0,1,3,0,2.0,1,20844.0
3463,37.0,1,3,23.0,3,1,4,5.0,1,5.0,0,6.0,0,5,1,1.0,2,24325.0
1194,47.0,1,3,8.0,2,1,2,1.0,4,4.0,1,7.0,0,1,0,0.0,0,30972.0
2512,36.0,0,1,7.0,3,2,4,4.0,0,5.0,0,6.0,0,2,0,2.0,1,20872.0
1302,35.0,1,1,29.0,3,2,3,5.0,0,3.0,1,1.0,0,1,1,0.0,1,17705.0
1630,22.0,1,1,25.0,3,2,3,3.0,0,3.0,1,2.0,0,1,1,0.0,1,17323.0
4052,26.0,1,3,35.0,2,2,3,5.0,1,3.0,1,4.0,0,4,1,2.0,2,27317.0
4431,26.0,1,3,15.0,2,2,3,2.0,1,4.0,1,2.0,0,4,1,1.0,2,23529.0
823,29.0,0,1,16.0,2,1,3,3.0,0,4.0,1,1.0,0,5,1,0.0,1,18291.0
1780,31.0,1,2,8.0,2,2,3,4.0,1,5.0,1,4.0,0,3,0,2.0,2,21410.0
1124,39.0,1,3,12.0,3,2,2,1.0,3,3.0,1,3.0,0,4,1,1.0,3,23237.0
4055,46.0,1,1,36.0,3,2,3,4.0,0,3.0,3,7.0,0,1,1,1.0,1,22130.0
4237,29.0,1,1,9.0,3,2,3,6.0,0,3.0,1,7.0,1,3,1,2.0,1,22142.0
511,36.0,1,1,15.0,3,2,2,4.0,1,4.0,1,3.0,1,4,1,0.0,2,23847.0
1251,30.0,1,3,21.0,3,2,3,4.0,3,5.0,1,3.0,0,1,0,2.0,3,22140.0
4505,34.0,1,3,23.0,3,0,4,4.0,1,5.0,3,7.0,0,3,1,1.0,2,24002.0
4620,41.0,0,3,31.0,2,1,4,2.0,4,4.0,2,6.0,1,3,1,1.0,0,31872.0
1955,27.0,1,1,12.0,3,1,3,4.0,0,3.0,1,1.0,0,1,0,1.0,1,17187.0
3954,36.0,1,1,11.0,2,2,4,4.0,0,3.0,1,3.0,0,4,1,2.0,1,20629.0
1679,46.0,1,1,6.0,3,2,3,3.0,3,5.0,1,1.0,0,1,0,2.0,3,24396.0
1062,44.0,0,1,8.0,3,2,2,3.0,3,3.0,3,6.0,1,1,0,1.0,3,25209.0
827,28.0,0,1,12.0,2,2,2,4.0,0,3.0,1,2.0,1,4,1,0.0,1,17703.0
2295,29.0,1,1,14.0,3,2,3,4.0,1,3.0,1,2.0,1,3,1,1.0,2,20056.0
972,18.0,0,1,6.0,2,1,3,3.0,0,3.0,2,2.0,0,5,1,1.0,1,16611.0
3283,43.0,1,3,11.0,3,2,3,4.0,1,5.0,3,2.0,0,5,1,2.0,2,23833.0
2559,38.0,1,3,10.0,2,2,3,4.0,3,3.0,3,4.0,0,3,0,1.0,3,26106.0
3980,37.0,0,1,18.0,2,2,4,5.0,1,4.0,3,3.0,0,4,1,2.0,2,25177.0
1042,44.0,0,1,11.0,2,2,2,4.0,0,3.0,2,4.0,0,1,0,1.0,1,18162.0
189,51.0,1,1,9.0,3,1,3,3.0,4,4.0,2,4.0,0,5,0,1.0,0,28734.0
1805,40.0,1,3,6.0,3,2,2,5.0,1,3.0,1,3.0,1,3,1,0.0,2,22457.0
4312,38.0,0,1,32.0,3,1,4,4.0,1,3.0,1,5.0,1,3,1,3.0,2,23127.0
1497,42.0,1,3,14.0,3,2,2,3.0,1,4.0,1,1.0,0,3,1,0.0,2,21825.0
126,58.0,1,1,29.0,3,1,3,3.0,3,3.0,0,2.0,0,3,1,0.0,3,25312.0
958,34.0,1,1,15.0,2,2,2,3.0,3,3.0,1,1.0,0,5,1,1.0,3,23500.0
4060,31.0,1,1,9.0,3,2,3,5.0,0,3.0,3,2.0,0,4,0,1.0,1,21398.0
294,37.0,0,1,15.0,3,2,2,3.0,0,3.0,0,2.0,1,2,0,0.0,1,17326.0
2375,29.0,1,1,13.0,1,1,2,3.0,0,3.0,1,4.0,1,4,1,0.0,1,31124.0
4469,30.0,1,3,17.0,3,2,3,4.0,0,4.0,1,3.0,0,1,1,1.0,1,20975.0
134,26.0,1,2,31.0,2,1,3,3.0,0,3.0,0,2.0,0,4,1,0.0,1,17942.0
4040,59.0,1,1,30.0,3,1,4,4.0,3,3.0,1,3.0,0,3,1,1.0,3,28990.0
2227,34.0,1,3,6.0,3,2,3,1.0,1,3.0,1,1.0,0,5,0,1.0,2,24725.0
4037,52.0,1,1,13.0,2,2,3,4.0,2,3.0,2,2.0,0,5,1,2.0,4,38215.0
1585,37.0,1,3,9.0,2,2,2,3.0,3,3.0,3,3.0,0,3,0,1.0,3,22428.0
1999,38.0,1,1,6.0,2,1,2,1.0,1,3.0,3,1.0,0,1,0,0.0,2,22625.0
4067,46.0,1,1,16.0,2,2,3,4.0,1,4.0,1,2.0,0,4,1,1.0,2,21026.0
2796,49.0,1,3,36.0,3,1,4,4.0,3,3.0,0,5.0,0,4,0,1.0,3,31182.0
2944,33.0,1,1,16.0,2,1,4,4.0,1,3.0,0,3.0,1,5,1,3.0,2,25000.0
4045,51.0,0,3,19.0,3,0,4,4.0,3,3.0,3,6.0,0,5,1,3.0,3,27886.0
3082,26.0,1,3,11.0,3,2,3,5.0,1,5.0,0,3.0,0,3,1,2.0,2,22934.0
414,24.0,1,3,6.0,1,1,3,3.0,0,4.0,2,2.0,1,4,1,2.0,1,18202.0
3534,30.0,1,1,15.0,2,1,3,6.0,1,5.0,1,5.0,0,1,0,1.0,2,28393.0
1078,44.0,1,1,34.0,2,2,2,3.0,4,5.0,0,4.0,0,1,1,0.0,0,31328.0
3998,35.0,1,1,7.0,3,2,4,4.0,1,4.0,1,3.0,0,5,1,3.0,2,23003.0
1885,34.0,0,3,12.0,3,1,2,5.0,0,3.0,1,1.0,0,4,0,1.0,1,17351.0
4085,20.0,0,3,7.0,1,1,4,6.0,0,5.0,2,2.0,0,3,1,1.0,1,21003.0
4694,29.0,0,1,31.0,1,2,4,5.0,3,5.0,3,3.0,0,1,1,2.0,3,27400.0
2555,35.0,0,1,14.0,2,2,4,6.0,1,3.0,3,3.0,1,5,1,2.0,2,24752.0
4699,41.0,1,1,27.0,1,2,4,4.0,3,3.0,1,6.0,0,3,1,2.0,3,29000.0
2474,34.0,1,1,9.0,3,2,4,4.0,0,3.0,2,6.0,0,3,1,3.0,1,21174.0
4720,53.0,1,1,6.0,2,2,3,4.0,3,4.0,2,2.0,0,3,1,2.0,3,29123.0
2720,36.0,1,1,29.0,2,1,4,3.0,3,4.0,1,2.0,0,5,1,2.0,3,30674.0
1430,38.0,1,1,16.0,3,1,2,5.0,3,3.0,1,4.0,0,1,1,1.0,3,28206.0
3671,32.0,1,1,9.0,2,2,4,4.0,0,3.0,1,3.0,0,5,0,3.0,1,22155.0
1989,29.0,0,1,6.0,2,2,3,5.0,0,3.0,1,2.0,0,1,0,2.0,1,17720.0
2983,51.0,1,3,15.0,3,2,3,4.0,0,4.0,0,2.0,0,2,1,1.0,1,22553.0
2525,36.0,1,1,7.0,3,2,2,5.0,0,3.0,3,3.0,0,4,1,1.0,1,21537.0
4211,36.0,1,3,23.0,3,2,4,4.0,3,4.0,1,2.0,0,1,1,2.0,3,26698.0
1532,50.0,1,1,13.0,3,1,2,4.0,2,3.0,1,6.0,1,4,1,1.0,4,33740.0
2804,58.0,1,1,7.0,3,2,3,4.0,1,3.0,0,4.0,0,3,1,2.0,2,25433.0
4287,28.0,1,1,7.0,3,2,3,4.0,0,4.0,1,3.0,0,3,0,1.0,1,22494.0
2699,26.0,1,1,7.0,2,1,4,4.0,1,3.0,0,2.0,0,3,1,2.0,2,23576.0
693,36.0,1,3,9.0,2,2,2,4.0,3,3.0,0,2.0,1,2,1,0.0,3,25325.0
2732,27.0,1,1,23.0,3,2,3,4.0,0,4.0,1,4.0,1,2,1,2.0,1,21051.0
1399,43.0,1,1,17.0,2,2,1,3.0,3,3.0,1,2.0,0,1,1,0.0,3,22510.0
2299,33.0,1,3,15.0,3,1,3,3.0,1,5.0,3,1.0,1,3,0,0.0,2,23224.0
3164,31.0,1,1,29.0,2,1,3,4.0,0,3.0,0,6.0,1,2,0,2.0,1,20810.0
2472,45.0,1,1,14.0,3,1,3,5.0,3,3.0,0,5.0,0,4,1,1.0,3,28926.0
3999,57.0,1,1,14.0,2,2,3,6.0,3,3.0,3,6.0,0,1,0,1.0,3,25938.0
3363,60.0,1,1,25.0,3,2,4,4.0,3,3.0,2,8.0,0,3,1,2.0,3,29190.0
2504,33.0,1,1,7.0,3,2,3,4.0,1,3.0,0,3.0,1,4,1,1.0,2,24840.0
4600,42.0,1,1,13.0,3,2,3,4.0,0,5.0,3,4.0,1,4,1,2.0,1,23399.0
4003,47.0,1,3,16.0,3,2,4,5.0,3,3.0,3,3.0,0,5,1,3.0,3,28297.0
3625,50.0,1,1,13.0,2,1,3,5.0,4,3.0,1,4.0,1,5,1,1.0,0,32644.0
1633,57.0,1,1,30.0,2,2,2,1.0,3,3.0,1,4.0,1,4,1,0.0,3,24439.0
953,44.0,1,1,9.0,2,2,2,3.0,0,5.0,0,5.0,0,5,1,1.0,1,17362.0
3258,41.0,1,1,21.0,3,2,3,5.0,2,3.0,2,3.0,0,3,1,2.0,4,38304.0
3758,46.0,0,3,9.0,2,1,4,4.0,1,3.0,1,6.0,0,1,1,3.0,2,23832.0
4309,44.0,0,1,28.0,3,2,4,4.0,0,3.0,1,2.0,0,4,1,3.0,1,20936.0
3517,29.0,1,1,36.0,2,2,4,6.0,1,4.0,0,3.0,0,1,1,3.0,2,25227.0
2454,36.0,1,1,23.0,3,2,3,3.0,0,4.0,0,2.0,0,3,1,2.0,1,21104.0
4767,20.0,1,1,16.0,2,2,3,4.0,0,5.0,2,3.0,0,3,0,2.0,1,21230.0
1842,35.0,1,1,15.0,2,2,3,4.0,1,4.0,3,1.0,0,1,0,1.0,2,21540.0
4402,43.0,1,1,9.0,2,1,3,4.0,1,3.0,1,3.0,0,1,0,1.0,2,22767.0
3685,33.0,1,3,26.0,2,2,4,6.0,3,3.0,1,5.0,0,3,1,3.0,3,28288.0
921,28.0,0,1,6.0,3,2,2,3.0,0,3.0,2,1.0,1,4,0,0.0,1,17154.0
1030,31.0,1,3,14.0,2,2,2,3.0,3,3.0,1,2.0,0,3,1,0.0,3,25793.0
4022,26.0,1,1,14.0,3,2,4,5.0,0,3.0,1,3.0,0,1,0,3.0,1,21567.0
4877,39.0,0,1,16.0,2,2,4,4.0,1,5.0,1,6.0,0,3,0,3.0,2,25571.0
910,23.0,1,1,6.0,2,2,2,3.0,0,3.0,0,2.0,0,4,0,1.0,1,16223.0
4560,54.0,1,3,15.0,3,2,4,4.0,4,3.0,1,7.0,0,3,1,1.0,0,30514.0
1969,33.0,1,3,14.0,3,2,2,3.0,1,3.0,1,1.0,0,1,0,0.0,2,22104.0
2097,52.0,0,1,31.0,3,1,2,4.0,4,3.0,1,4.0,0,5,0,1.0,0,28826.0
1831,40.0,1,1,16.0,2,1,2,1.0,0,3.0,1,4.0,1,3,0,1.0,1,17213.0
2325,37.0,1,1,7.0,2,1,2,4.0,1,3.0,1,2.0,0,1,0,0.0,2,21474.0
3330,31.0,1,1,7.0,3,2,4,4.0,0,4.0,0,2.0,1,4,1,3.0,1,22257.0
2114,31.0,1,1,17.0,2,2,2,3.0,0,3.0,1,4.0,1,3,0,0.0,1,17356.0
428,47.0,1,1,8.0,3,1,3,3.0,1,3.0,1,6.0,0,2,0,1.0,2,20070.0
1604,26.0,1,2,31.0,2,1,3,3.0,0,3.0,1,2.0,0,4,1,1.0,1,17942.0
3336,20.0,0,1,17.0,3,1,4,5.0,0,4.0,2,3.0,1,5,1,2.0,1,20537.0
4750,30.0,1,3,30.0,2,1,3,5.0,3,5.0,1,3.0,0,3,1,2.0,3,26014.0
2987,45.0,0,1,31.0,3,2,3,6.0,0,3.0,3,4.0,0,3,0,2.0,1,22386.0
4087,31.0,0,1,16.0,3,2,4,4.0,1,5.0,1,3.0,0,1,1,2.0,2,21750.0
1035,31.0,1,2,14.0,3,1,3,1.0,0,4.0,2,1.0,0,1,0,2.0,1,17109.0
3038,30.0,1,1,30.0,2,2,3,2.0,0,3.0,0,3.0,0,2,1,2.0,1,21378.0
2500,36.0,0,3,25.0,2,2,4,4.0,3,5.0,0,3.0,0,4,1,1.0,3,27747.0
2929,28.0,1,1,13.0,3,1,4,5.0,0,3.0,1,2.0,0,2,1,2.0,1,20865.0
3643,37.0,1,1,33.0,2,2,4,4.0,1,3.0,1,8.0,0,3,1,1.0,2,24025.0
1641,19.0,0,3,6.0,1,1,3,5.0,0,5.0,2,1.0,0,3,1,0.0,1,17325.0
221,33.0,1,1,10.0,3,1,2,4.0,0,4.0,0,7.0,0,4,0,0.0,1,17622.0
4866,32.0,1,3,20.0,3,2,4,5.0,1,5.0,1,7.0,1,1,1,1.0,2,20980.0
4670,33.0,0,1,36.0,3,1,4,4.0,0,3.0,3,2.0,0,3,1,3.0,1,22703.0
1000,52.0,1,1,14.0,2,1,2,3.0,0,5.0,0,1.0,0,1,1,1.0,1,17950.0
3415,52.0,1,1,18.0,1,1,3,5.0,4,4.0,2,5.0,0,1,0,2.0,0,31820.0
3321,47.0,1,1,9.0,1,2,3,4.0,1,3.0,1,4.0,0,2,1,1.0,2,26057.0
1822,48.0,1,3,35.0,3,1,3,3.0,3,3.0,1,4.0,0,4,0,1.0,3,27504.0
4627,46.0,1,1,7.0,3,1,4,4.0,0,3.0,1,5.0,0,5,1,1.0,1,20948.0
2490,35.0,0,3,30.0,3,2,4,4.0,1,3.0,3,2.0,0,5,1,2.0,2,23246.0
31,44.0,1,1,16.0,2,2,2,3.0,1,3.0,0,3.0,1,3,1,1.0,2,21465.0
2977,41.0,0,3,12.0,2,2,3,5.0,3,5.0,0,7.0,1,5,0,2.0,3,29153.0
4632,46.0,0,1,30.0,2,2,3,4.0,1,5.0,1,3.0,1,1,1,1.0,2,22311.0
4404,39.0,1,1,7.0,2,1,3,4.0,0,5.0,3,5.0,0,1,0,2.0,1,21297.0
216,30.0,0,3,32.0,3,1,2,4.0,1,5.0,3,6.0,0,2,0,1.0,2,21696.0
2700,43.0,1,1,9.0,3,1,3,5.0,0,5.0,1,2.0,1,4,1,1.0,1,21271.0
3837,28.0,1,3,16.0,3,2,3,4.0,1,3.0,3,3.0,0,1,0,2.0,2,22783.0
411,60.0,1,1,13.0,2,1,2,3.0,2,5.0,0,6.0,0,5,0,0.0,4,34566.0
2883,32.0,0,1,27.0,2,2,4,4.0,3,3.0,0,5.0,0,3,1,1.0,3,28502.0
537,27.0,0,1,16.0,2,2,2,3.0,3,5.0,1,2.0,0,3,1,0.0,3,23793.0
4454,29.0,1,1,7.0,2,1,4,6.0,0,4.0,2,2.0,1,1,1,3.0,1,20894.0
2650,23.0,1,1,12.0,2,2,3,3.0,0,4.0,1,3.0,1,4,0,1.0,1,21006.0
3407,39.0,1,3,9.0,2,1,3,4.0,1,5.0,1,5.0,0,4,0,2.0,2,25571.0
